id,dateTime,categoryId,categoryName,title,location,meetingUrl,mediaUrl,agendaUrl,agendaPacketUrl,minutesUrl
14739,2026-01-05T17:00:00Z,144,Expenditures & Revenues Study Committee,E&RSC Schools Subcommittee,Virtually via Zoom,https://brooklinema.portal.civicclerk.com/event/14739,https://brooklinema.zoomgov.com/rec/share/8U88CBG4N63e3wb2b5FDoUyGoCVNpualxD8s4fMr9jNp1_fRvqy4WXVYBcuocqND.pn_wpbGLZv_DLtTm,"https://brooklinema.api.civicclerk.com/v1/Meetings/GetMeetingFileStream(fileId=27413,plainText=false)","https://brooklinema.api.civicclerk.com/v1/Meetings/GetMeetingFileStream(fileId=27427,plainText=false)","https://brooklinema.api.civicclerk.com/v1/Meetings/GetMeetingFileStream(fileId=27585,plainText=false)"
14742,2026-01-05T19:00:00Z,59,Economic Development Advisory Board,Economic Development Advisory Board Meeting,Virtual Meeting (Zoom),https://brooklinema.portal.civicclerk.com/event/14742,https://brooklinema.zoomgov.com/rec/share/34CmZmsKRgz_mtWkRKCsEKV47zSs4LuecvXLaV9NbohBoeVoEEtFvg2RJefRkbk1.UjLN7GkkhNRdnKUw?startTime=1767657840000,"https://brooklinema.api.civicclerk.com/v1/Meetings/GetMeetingFileStream(fileId=27417,plainText=false)","https://brooklinema.api.civicclerk.com/v1/Meetings/GetMeetingFileStream(fileId=27443,plainText=false)","https://brooklinema.api.civicclerk.com/v1/Meetings/GetMeetingFileStream(fileId=27913,plainText=false)"
14584,2026-01-06T17:30:00Z,26,Select Board,Select Board Regular Meeting,"Select Board Hearing Room 6th Floor, , Brookline Town Hall, and Zoom",https://brooklinema.portal.civicclerk.com/event/14584,https://brooklinema.zoomgov.com/rec/share/0zD8G-WkH0h_TyNWR5rqHQ6Uo7D2BX2H_6UXS4RWia8krGmob8OtCnMYnN3OwQSD.Tnjvp3qGr3dA9XwQ?startTime=1767739009000,"https://brooklinema.api.civicclerk.com/v1/Meetings/GetMeetingFileStream(fileId=27440,plainText=false)","https://brooklinema.api.civicclerk.com/v1/Meetings/GetMeetingFileStream(fileId=27481,plainText=false)","https://brooklinema.api.civicclerk.com/v1/Meetings/GetMeetingFileStream(fileId=27658,plainText=false)"
14740,2026-01-08T12:00:00Z,144,Expenditures & Revenues Study Committee,E&RSC Town Subcommittee,Virtually via Zoom,https://brooklinema.portal.civicclerk.com/event/14740,https://brooklinema.zoomgov.com/rec/share/5thAtFsMqC22CoYMQo2vzHN4hVnzuyWI8GExYEl6VSaQ0npQorZXF-luMpdcJqQX.wcjSP6ETxvH_dK9m,"https://brooklinema.api.civicclerk.com/v1/Meetings/GetMeetingFileStream(fileId=27477,plainText=false)","https://brooklinema.api.civicclerk.com/v1/Meetings/GetMeetingFileStream(fileId=27478,plainText=false)","https://brooklinema.api.civicclerk.com/v1/Meetings/GetMeetingFileStream(fileId=27641,plainText=false)"
14111,2026-01-08T18:00:00Z,87,School Committee,School Committee Meeting,"Brookline Town Hall, 5th Floor, and Remote via BIG Live Stream and Broadcast",https://brooklinema.portal.civicclerk.com/event/14111,https://brooklineinteractive.org/brookline-school-committee-meeting-january-8-2026/,"https://brooklinema.api.civicclerk.com/v1/Meetings/GetMeetingFileStream(fileId=27462,plainText=false)","https://brooklinema.api.civicclerk.com/v1/Meetings/GetMeetingFileStream(fileId=27463,plainText=false)","https://brooklinema.api.civicclerk.com/v1/Meetings/GetMeetingFileStream(fileId=27758,plainText=false)"
14751,2026-01-12T16:00:00Z,87,School Committee,School Government Relations Subcommittee Meeting,Remote via Zoom,https://brooklinema.portal.civicclerk.com/event/14751,https://brooklinema.zoomgov.com/rec/share/xpoVMC8MGTkWom2ppU4i6E13u6LwG_J0oES_uR6xrcrDM4t02iR60PBjVug_1bRc.Ms9Fmh5i6__UGBe5?startTime=1768251710000,"https://brooklinema.api.civicclerk.com/v1/Meetings/GetMeetingFileStream(fileId=27473,plainText=false)","https://brooklinema.api.civicclerk.com/v1/Meetings/GetMeetingFileStream(fileId=27569,plainText=false)",
14878,2026-01-12T17:00:00Z,144,Expenditures & Revenues Study Committee,E&RSC Schools Subcommittee,Virtually via Zoom,https://brooklinema.portal.civicclerk.com/event/14878,https://brooklinema.zoomgov.com/rec/share/mRv-dwFTQUY0ZcodspHrJZ7WfL3R8eAgsaoBrCvoJgT1L-svbG2YdaRsfLVQOmUp.l9gWP0rthWWX5TWb,"https://brooklinema.api.civicclerk.com/v1/Meetings/GetMeetingFileStream(fileId=27514,plainText=false)","https://brooklinema.api.civicclerk.com/v1/Meetings/GetMeetingFileStream(fileId=27579,plainText=false)","https://brooklinema.api.civicclerk.com/v1/Meetings/GetMeetingFileStream(fileId=27756,plainText=false)"
14647,2026-01-13T16:00:00Z,87,School Committee,School Negotiations Subcommittee Meeting,"Brookline Town Hall, 5th Floor, School Committee Room,, 333 Washington Street,, Brookline, MA, 02445",https://brooklinema.portal.civicclerk.com/event/14647,https://brooklinema.zoomgov.com/rec/share/FhaZT9TrJWw7eRyPo_Mxi-5yFm5DPSugR07oI4hX8wMNSEe-pifj-Pv5sKrrcCby.Jxl4O5naEZ6MX0Jt?startTime=1768342544000,"https://brooklinema.api.civicclerk.com/v1/Meetings/GetMeetingFileStream(fileId=27479,plainText=false)",,"https://brooklinema.api.civicclerk.com/v1/Meetings/GetMeetingFileStream(fileId=27845,plainText=false)"
14585,2026-01-13T17:30:00Z,26,Select Board,Select Board Regular Meeting,"Select Board Hearing Room 6th Floor, , Brookline Town Hall, and Zoom",https://brooklinema.portal.civicclerk.com/event/14585,https://brooklinema.zoomgov.com/rec/share/GUjaSEpTv3w488EFJQBTt3oTb2QAcWiOghd8FW9GIQAiFwEQyNx4VZNB4iFiH_bD.AExMvSOLDF_Rq_Mv?startTime=1768343459000,"https://brooklinema.api.civicclerk.com/v1/Meetings/GetMeetingFileStream(fileId=27571,plainText=false)","https://brooklinema.api.civicclerk.com/v1/Meetings/GetMeetingFileStream(fileId=27600,plainText=false)","https://brooklinema.api.civicclerk.com/v1/Meetings/GetMeetingFileStream(fileId=27871,plainText=false)"
14880,2026-01-13T19:00:00Z,28,Advisory Committee,Advisory Committee Meeting,Remote via Zoom,https://brooklinema.portal.civicclerk.com/event/14880,https://brooklinema.zoomgov.com/rec/share/NZm_JtRtMXLZ7fxN6q03ecLnEco1Q16-_2MtvxC8K8rNGBC1FMqla6g47XVCP1k.BFuUBrFlbegdQ9Bf?startTime=1768347955000,"https://brooklinema.api.civicclerk.com/v1/Meetings/GetMeetingFileStream(fileId=27517,plainText=false)","https://brooklinema.api.civicclerk.com/v1/Meetings/GetMeetingFileStream(fileId=27570,plainText=false)","https://brooklinema.api.civicclerk.com/v1/Meetings/GetMeetingFileStream(fileId=27717,plainText=false)"
14882,2026-01-14T08:00:00Z,144,Expenditures & Revenues Study Committee,"E&RSC ""Future"" Subcommittee",Virtually via Zoom,https://brooklinema.portal.civicclerk.com/event/14882,https://brooklinema.zoomgov.com/rec/share/Uz5xvLwScEISiTZ77v3PlLnrcN43N_R5BC-EVdbMXFwvstYKydVjG2srPhDPoKKQ.MTn_jiTM18gcXEz3,"https://brooklinema.api.civicclerk.com/v1/Meetings/GetMeetingFileStream(fileId=27551,plainText=false)","https://brooklinema.api.civicclerk.com/v1/Meetings/GetMeetingFileStream(fileId=27697,plainText=false)","https://brooklinema.api.civicclerk.com/v1/Meetings/GetMeetingFileStream(fileId=27767,plainText=false)"
14147,2026-01-14T17:00:00Z,87,School Committee,School Finance and Capital Projects Subcommittee Meeting,Remote via Zoom,https://brooklinema.portal.civicclerk.com/event/14147,https://brooklinema.zoomgov.com/rec/share/otOvnnC5qIWty_5w2p5d2jZNcSym8esC5Duj__AxWzQur8p77kOsHnDMedx8GWPd.eRhG9G1P6I8gauCv?startTime=1768428021000,"https://brooklinema.api.civicclerk.com/v1/Meetings/GetMeetingFileStream(fileId=27566,plainText=false)","https://brooklinema.api.civicclerk.com/v1/Meetings/GetMeetingFileStream(fileId=27567,plainText=false)","https://brooklinema.api.civicclerk.com/v1/Meetings/GetMeetingFileStream(fileId=30638,plainText=false)"
14890,2026-01-15T09:00:00Z,144,Expenditures & Revenues Study Committee,E&RSC Town Subcommittee,Virtually via Zoom,https://brooklinema.portal.civicclerk.com/event/14890,https://brooklinema.zoomgov.com/rec/share/odE71901GhJqK8m2vc80lcw7xesODGWSYy8vbaEOO3z54bAC4AVx_4XI3sJ3o8hc.MJzHOhg91UW91vwE,"https://brooklinema.api.civicclerk.com/v1/Meetings/GetMeetingFileStream(fileId=27583,plainText=false)","https://brooklinema.api.civicclerk.com/v1/Meetings/GetMeetingFileStream(fileId=27639,plainText=false)","https://brooklinema.api.civicclerk.com/v1/Meetings/GetMeetingFileStream(fileId=27850,plainText=false)"
14129,2026-01-15T17:00:00Z,87,School Committee,School Policy Subcommittee Meeting,Remote via Zoom,https://brooklinema.portal.civicclerk.com/event/14129,https://brooklinema.zoomgov.com/rec/share/qZjVoeJ-_qCkx1AVtFwqKhferKAvZfZGNKIjrNIx_nQUKJFUIOvTAq8f1FDusQBH.kA8gdbH5BEljCVta?startTime=1768514600000,"https://brooklinema.api.civicclerk.com/v1/Meetings/GetMeetingFileStream(fileId=27525,plainText=false)","https://brooklinema.api.civicclerk.com/v1/Meetings/GetMeetingFileStream(fileId=27526,plainText=false)","https://brooklinema.api.civicclerk.com/v1/Meetings/GetMeetingFileStream(fileId=30626,plainText=false)"
14910,2026-01-16T15:00:00Z,87,School Committee,School Communications Working Group,Remote via Zoom,https://brooklinema.portal.civicclerk.com/event/14910,https://brooklinema.zoomgov.com/rec/share/nSfpeyugsYC0ye7XAfpkGxoXwOQLRRTiVv07TgyUkOZZ1c_S9-3cqBdLcgO5SFY0.b9og_M5trLBwsk48?startTime=1768593781000,"https://brooklinema.api.civicclerk.com/v1/Meetings/GetMeetingFileStream(fileId=27606,plainText=false)","https://brooklinema.api.civicclerk.com/v1/Meetings/GetMeetingFileStream(fileId=27607,plainText=false)",
14915,2026-01-16T16:00:00Z,59,Economic Development Advisory Board,Economic Development Advisory Board - Chestnut Hill Commercial Area Study Ad-Hoc Subcommittee Meetin,Virtual Public Meeting (Zoom),https://brooklinema.portal.civicclerk.com/event/14915,https://brooklinema.zoomgov.com/rec/share/1PfMj5qhLP6F-HXp_VgzcwIprpTS_O8CmxUxXZHbb--gTc-kPb2YFcA7J6U05KRO.KeQEW4PA7EuKdIpD,"https://brooklinema.api.civicclerk.com/v1/Meetings/GetMeetingFileStream(fileId=27628,plainText=false)","https://brooklinema.api.civicclerk.com/v1/Meetings/GetMeetingFileStream(fileId=27630,plainText=false)",
14914,2026-01-20T17:00:00Z,144,Expenditures & Revenues Study Committee,E&RSC Schools Subcommittee,Virtually via Zoom,https://brooklinema.portal.civicclerk.com/event/14914,https://brooklinema.zoomgov.com/rec/share/Y0oVFk2arMctfOyULVs1BioNPTz1P1Q6HsLTyBn2fw1YVpsNhL7zNTMYSCKtiEB-.iNHFLHXrvjRsVkMZ,"https://brooklinema.api.civicclerk.com/v1/Meetings/GetMeetingFileStream(fileId=27703,plainText=false)","https://brooklinema.api.civicclerk.com/v1/Meetings/GetMeetingFileStream(fileId=27704,plainText=false)","https://brooklinema.api.civicclerk.com/v1/Meetings/GetMeetingFileStream(fileId=27815,plainText=false)"
14916,2026-01-20T19:00:00Z,28,Advisory Committee,Advisory Committee Meeting,,https://brooklinema.portal.civicclerk.com/event/14916,https://brooklinema.zoomgov.com/rec/share/5JfgD4n0HQvJZJg59-mIUbwgIjXZ6RVVoRB5KoaPkulX_uwB6EsgOJmTgBp6gikn.t86UJgKve67QKVX_,"https://brooklinema.api.civicclerk.com/v1/Meetings/GetMeetingFileStream(fileId=27635,plainText=false)","https://brooklinema.api.civicclerk.com/v1/Meetings/GetMeetingFileStream(fileId=27718,plainText=false)","https://brooklinema.api.civicclerk.com/v1/Meetings/GetMeetingFileStream(fileId=28061,plainText=false)"
14921,2026-01-20T19:00:00Z,87,School Committee,School Finance and Capital Improvements Subcommittee Meeting,Remote via Zoom,https://brooklinema.portal.civicclerk.com/event/14921,https://brooklinema.zoomgov.com/rec/share/Rb0-A1SBupSgn-xxQp4yiR0STyP0RV92grYEkj8572KOXLFZSLUoyY7qaOxMM7Kj.G72svgHm1ji84s6L?startTime=1768953685000,"https://brooklinema.api.civicclerk.com/v1/Meetings/GetMeetingFileStream(fileId=27665,plainText=false)","https://brooklinema.api.civicclerk.com/v1/Meetings/GetMeetingFileStream(fileId=27666,plainText=false)","https://brooklinema.api.civicclerk.com/v1/Meetings/GetMeetingFileStream(fileId=30639,plainText=false)"
14913,2026-01-21T10:00:00Z,26,Select Board,Select Board Licensing Hearing,"Brookline Town Hall, Room 111, First Floor, Brookline Town Hall, , and Zoom",https://brooklinema.portal.civicclerk.com/event/14913,https://brooklinema.zoomgov.com/rec/share/glR3isf1ULYKKTGy7eLNwveLcKl9MwKiH5up2gGFE8wzlh6j8kGF9FKJwJMC5Qxo.cvrl3Sc1eK4C0RPy,"https://brooklinema.api.civicclerk.com/v1/Meetings/GetMeetingFileStream(fileId=27633,plainText=false)","https://brooklinema.api.civicclerk.com/v1/Meetings/GetMeetingFileStream(fileId=27634,plainText=false)",
14919,2026-01-21T14:00:00Z,144,Expenditures & Revenues Study Committee,Expenditures and Revenue Study Committee Meeting,"Town Hall, 333 Washington Street, Room 103 and Zoom, Brookline, Massachusetts, 02445",https://brooklinema.portal.civicclerk.com/event/14919,https://brooklinema.zoomgov.com/rec/share/6hF0CTA1I9WZJnV4d2z_4pq1LemETwhZd8JdGKwepGA1Ha49u-0BWJ4uEh0fVFcS.Gr1JA97K0Kos_i3p,"https://brooklinema.api.civicclerk.com/v1/Meetings/GetMeetingFileStream(fileId=27724,plainText=false)","https://brooklinema.api.civicclerk.com/v1/Meetings/GetMeetingFileStream(fileId=27725,plainText=false)","https://brooklinema.api.civicclerk.com/v1/Meetings/GetMeetingFileStream(fileId=28000,plainText=false)"
14911,2026-01-22T18:00:00Z,87,School Committee,School Committee Meeting,"Brookline Town Hall, 5th Floor, and Remote via BIG Live Stream and Broadcast",https://brooklinema.portal.civicclerk.com/event/14911,https://www.youtube.com/watch?v=6zwluZ7VlQM&list=PL_kXbXA0-Qd7c5CUuJtozDpfQCSPCQ8I1,"https://brooklinema.api.civicclerk.com/v1/Meetings/GetMeetingFileStream(fileId=27686,plainText=false)","https://brooklinema.api.civicclerk.com/v1/Meetings/GetMeetingFileStream(fileId=27687,plainText=false)","https://brooklinema.api.civicclerk.com/v1/Meetings/GetMeetingFileStream(fileId=27987,plainText=false)"
14933,2026-01-23T08:00:00Z,144,Expenditures & Revenues Study Committee,"E&RSC ""Future"" Subcommittee",Virtually via Zoom,https://brooklinema.portal.civicclerk.com/event/14933,https://brooklinema.zoomgov.com/rec/share/9e-7j7rdaSQxWKqGuCNr61e5o1pmt5YQ68qEYWkT1f66F_WKxXC47C5dtm9alzc-.CN2o6jPJh1Rs5YSy,"https://brooklinema.api.civicclerk.com/v1/Meetings/GetMeetingFileStream(fileId=27763,plainText=false)","https://brooklinema.api.civicclerk.com/v1/Meetings/GetMeetingFileStream(fileId=27764,plainText=false)","https://brooklinema.api.civicclerk.com/v1/Meetings/GetMeetingFileStream(fileId=27868,plainText=false)"
14935,2026-01-23T15:00:00Z,144,Expenditures & Revenues Study Committee,E&RSC Schools Subcommittee,Virtually via Zoom,https://brooklinema.portal.civicclerk.com/event/14935,https://brooklinema.zoomgov.com/rec/share/O4gRzAlH4XI1xT-dbhm5v7DpgX4-c6UuFm-HQYljNiLyt9qhVlTYs5q9uEUWY40u.zgrKgZNKwiazbr9g,"https://brooklinema.api.civicclerk.com/v1/Meetings/GetMeetingFileStream(fileId=27774,plainText=false)","https://brooklinema.api.civicclerk.com/v1/Meetings/GetMeetingFileStream(fileId=27775,plainText=false)","https://brooklinema.api.civicclerk.com/v1/Meetings/GetMeetingFileStream(fileId=27816,plainText=false)"
14214,2026-01-26T16:00:00Z,87,School Committee,School Curriculum Subcommittee Meeting,"Fully Remote via Zoom, (no in-person option)",https://brooklinema.portal.civicclerk.com/event/14214,https://brooklinema.zoomgov.com/rec/share/5f_BlN_vRHne5uclPQl6rfCU34zG6Esax3xJwxgcn8wvO_5xcp8gsfe9H4dMAiV_.4tBBjqoqwe30VW8E?startTime=1769461367000,"https://brooklinema.api.civicclerk.com/v1/Meetings/GetMeetingFileStream(fileId=27777,plainText=false)","https://brooklinema.api.civicclerk.com/v1/Meetings/GetMeetingFileStream(fileId=27746,plainText=false)","https://brooklinema.api.civicclerk.com/v1/Meetings/GetMeetingFileStream(fileId=30337,plainText=false)"
14938,2026-01-26T17:00:00Z,144,Expenditures & Revenues Study Committee,E&RSC Schools Subcommittee,Virtually via Zoom,https://brooklinema.portal.civicclerk.com/event/14938,https://brooklinema.zoomgov.com/rec/share/zi1XP4Kjkv6iZseHAeTdD5-aYcceBnA8DyT94NWFh4WLbbS7vbeCDb9NyTx33SIw.Xdz8cLZyfMt6JPG7,"https://brooklinema.api.civicclerk.com/v1/Meetings/GetMeetingFileStream(fileId=27791,plainText=false)","https://brooklinema.api.civicclerk.com/v1/Meetings/GetMeetingFileStream(fileId=27792,plainText=false)","https://brooklinema.api.civicclerk.com/v1/Meetings/GetMeetingFileStream(fileId=28003,plainText=false)"
14941,2026-01-26T19:00:00Z,59,Economic Development Advisory Board,Economic Development Advisory Board Meeting,Virtual Meeting (Zoom),https://brooklinema.portal.civicclerk.com/event/14941,https://brooklinema.zoomgov.com/rec/share/rjEXSmH_5KaPP2oq4qEXgOrvVe4zjjpKB6rJr3Nod1PDMheS8ysbQ2kCAANJ9Dea.fObR3aqBcKI6ty5a,"https://brooklinema.api.civicclerk.com/v1/Meetings/GetMeetingFileStream(fileId=27742,plainText=false)","https://brooklinema.api.civicclerk.com/v1/Meetings/GetMeetingFileStream(fileId=27814,plainText=false)","https://brooklinema.api.civicclerk.com/v1/Meetings/GetMeetingFileStream(fileId=30704,plainText=false)"
14944,2026-01-27T16:30:00Z,28,Advisory Committee,Capital Subcommittee Organization Meeting,Remote on Zoom,https://brooklinema.portal.civicclerk.com/event/14944,https://brooklinema.zoomgov.com/rec/share/63u7ehkAQwgUndhIqdK8DrKo6sDDu_2zoI1M43wAqCWi6iQhXiAzs4kFXsIuC6EM.rIXS2SJI0xoVH6cT,"https://brooklinema.api.civicclerk.com/v1/Meetings/GetMeetingFileStream(fileId=27762,plainText=false)",,
14587,2026-01-27T17:30:00Z,26,Select Board,Select Board Regular Meeting,"ZOOM remote meeting, Zoom",https://brooklinema.portal.civicclerk.com/event/14587,,"https://brooklinema.api.civicclerk.com/v1/Meetings/GetMeetingFileStream(fileId=27821,plainText=false)","https://brooklinema.api.civicclerk.com/v1/Meetings/GetMeetingFileStream(fileId=27903,plainText=false)",
14937,2026-01-28T15:00:00Z,144,Expenditures & Revenues Study Committee,Expenditures and Revenue Study Committee Meeting,"Town Hall, 333 Washington Street, Room 103 and Zoom, Brookline, Massachusetts, 02445",https://brooklinema.portal.civicclerk.com/event/14937,https://brooklinema.zoomgov.com/rec/share/OZ-t7E1r5lRIlERMH2u86Q7Jxa5NxIjQNIkklDzV8SGtnbxg8fQz7DIZ1xhq_v1R.PehugPEG8NKY33oB,"https://brooklinema.api.civicclerk.com/v1/Meetings/GetMeetingFileStream(fileId=27831,plainText=false)","https://brooklinema.api.civicclerk.com/v1/Meetings/GetMeetingFileStream(fileId=27834,plainText=false)","https://brooklinema.api.civicclerk.com/v1/Meetings/GetMeetingFileStream(fileId=28163,plainText=false)"
14936,2026-01-28T16:00:00Z,87,School Committee,School Negotiations Subcommittee Meeting,"Brookline Town Hall, 5th Floor,, 333 Washington Street",https://brooklinema.portal.civicclerk.com/event/14936,,"https://brooklinema.api.civicclerk.com/v1/Meetings/GetMeetingFileStream(fileId=27781,plainText=false)",,"https://brooklinema.api.civicclerk.com/v1/Meetings/GetMeetingFileStream(fileId=27972,plainText=false)"
14917,2026-01-29T09:00:00Z,144,Expenditures & Revenues Study Committee,E&RSC Town Subcommittee,Virtually via Zoom,https://brooklinema.portal.civicclerk.com/event/14917,https://brooklinema.zoomgov.com/rec/share/xlSjoHmGN8ETFE2yjc75jagcPgqFH5mgGK4cWrLRI0KszqYAzNuLV7Laum2EDlgd.aoIbYbw9dLy0IDAP,"https://brooklinema.api.civicclerk.com/v1/Meetings/GetMeetingFileStream(fileId=27809,plainText=false)","https://brooklinema.api.civicclerk.com/v1/Meetings/GetMeetingFileStream(fileId=27837,plainText=false)","https://brooklinema.api.civicclerk.com/v1/Meetings/GetMeetingFileStream(fileId=28002,plainText=false)"
14958,2026-01-30T09:00:00Z,144,Expenditures & Revenues Study Committee,"E&RSC ""Future"" Subcommittee",Virtually via Zoom,https://brooklinema.portal.civicclerk.com/event/14958,https://brooklinema.zoomgov.com/rec/share/a5HRqG_ajpQbdEnAXDHVWCN46GDD7_V8DseOf4Oeu3gAiKJRK9O6uGHOywVuwTwq.jiSvaZWTgtLJTjn8,"https://brooklinema.api.civicclerk.com/v1/Meetings/GetMeetingFileStream(fileId=27864,plainText=false)","https://brooklinema.api.civicclerk.com/v1/Meetings/GetMeetingFileStream(fileId=27865,plainText=false)","https://brooklinema.api.civicclerk.com/v1/Meetings/GetMeetingFileStream(fileId=27999,plainText=false)"
14964,2026-02-02T17:00:00Z,144,Expenditures & Revenues Study Committee,E&RSC Schools Subcommittee,Virtually via Zoom,https://brooklinema.portal.civicclerk.com/event/14964,https://brooklinema.zoomgov.com/rec/share/5Nm64iv3zrNEiq_P6XJxQnPmLbnaWKkGTSwtGHr5rE77UIb6YfY7oPmDk_1bFxtN.uCKc5R5A3MwWSW8q,"https://brooklinema.api.civicclerk.com/v1/Meetings/GetMeetingFileStream(fileId=27894,plainText=false)","https://brooklinema.api.civicclerk.com/v1/Meetings/GetMeetingFileStream(fileId=27895,plainText=false)","https://brooklinema.api.civicclerk.com/v1/Meetings/GetMeetingFileStream(fileId=30279,plainText=false)"
14965,2026-02-02T19:00:00Z,59,Economic Development Advisory Board,Economic Development Advisory Board Meeting,Virtual Meeting (Zoom),https://brooklinema.portal.civicclerk.com/event/14965,https://brooklinema.zoomgov.com/rec/share/8fs-EjHkMFWbYGnLLFh6301qIuHjdXqnprxmnn6V5IsfEe0iKpdqWcKVU1YxZDXA.qBvS6hjctJp1x8zG?startTime=1770076908000,"https://brooklinema.api.civicclerk.com/v1/Meetings/GetMeetingFileStream(fileId=27843,plainText=false)","https://brooklinema.api.civicclerk.com/v1/Meetings/GetMeetingFileStream(fileId=27867,plainText=false)","https://brooklinema.api.civicclerk.com/v1/Meetings/GetMeetingFileStream(fileId=30705,plainText=false)"
14671,2026-02-03T17:30:00Z,26,Select Board,Select Board Regular Meeting,"Select Board Hearing Room, 6th Floor, Town Hall",https://brooklinema.portal.civicclerk.com/event/14671,https://brooklinema.zoomgov.com/rec/share/XbOqXr17u28dOO-2QsufQgRcvPhU3XuOI3L3Vm8hSUTDiSHbww1409UL_ZY3UEzG.9TgeTqixtWKmxICO?startTime=1770157464000,"https://brooklinema.api.civicclerk.com/v1/Meetings/GetMeetingFileStream(fileId=27927,plainText=false)","https://brooklinema.api.civicclerk.com/v1/Meetings/GetMeetingFileStream(fileId=27922,plainText=false)","https://brooklinema.api.civicclerk.com/v1/Meetings/GetMeetingFileStream(fileId=28101,plainText=false)"
14967,2026-02-04T14:00:00Z,144,Expenditures & Revenues Study Committee,Expenditures and Revenue Study Committee Meeting,"Town Hall, 333 Washington Street, Room 103 and Zoom, Brookline, Massachusetts, 02445",https://brooklinema.portal.civicclerk.com/event/14967,https://brooklinema.zoomgov.com/rec/share/1x1BNUUYtesLE7Gj5GjK_PSvVp33iVF8kr12siaRw8JDHhe1x6yaomYaRW77D2k.4i3FRfofVMrvsXhs,"https://brooklinema.api.civicclerk.com/v1/Meetings/GetMeetingFileStream(fileId=27947,plainText=false)","https://brooklinema.api.civicclerk.com/v1/Meetings/GetMeetingFileStream(fileId=27948,plainText=false)","https://brooklinema.api.civicclerk.com/v1/Meetings/GetMeetingFileStream(fileId=28164,plainText=false)"
14948,2026-02-04T17:00:00Z,87,School Committee,School Finance and Capital Improvements Subcommittee Meeting,Remote via Zoom,https://brooklinema.portal.civicclerk.com/event/14948,https://brooklinema.zoomgov.com/rec/share/l4MEq8QMvlA18JBDszBHS2CRbPphZvOcgELUw_5CjG9dp6BSF7FEknfMcu4p3076.uAvIxkOHhXfzyz0i?startTime=1770242616000,"https://brooklinema.api.civicclerk.com/v1/Meetings/GetMeetingFileStream(fileId=27881,plainText=false)","https://brooklinema.api.civicclerk.com/v1/Meetings/GetMeetingFileStream(fileId=27882,plainText=false)","https://brooklinema.api.civicclerk.com/v1/Meetings/GetMeetingFileStream(fileId=30640,plainText=false)"
14975,2026-02-04T17:00:00Z,87,School Committee,School Committee Meeting (Finance),Remote via Zoom,https://brooklinema.portal.civicclerk.com/event/14975,https://brooklinema.zoomgov.com/rec/share/l4MEq8QMvlA18JBDszBHS2CRbPphZvOcgELUw_5CjG9dp6BSF7FEknfMcu4p3076.uAvIxkOHhXfzyz0i?startTime=1770242616000,"https://brooklinema.api.civicclerk.com/v1/Meetings/GetMeetingFileStream(fileId=27884,plainText=false)","https://brooklinema.api.civicclerk.com/v1/Meetings/GetMeetingFileStream(fileId=27885,plainText=false)","https://brooklinema.api.civicclerk.com/v1/Meetings/GetMeetingFileStream(fileId=30311,plainText=false)"
14968,2026-02-05T09:00:00Z,144,Expenditures & Revenues Study Committee,E&RSC Town Subcommittee,Virtually via Zoom,https://brooklinema.portal.civicclerk.com/event/14968,https://brooklinema.zoomgov.com/rec/share/b67uWlElg2p1SfwRNZe4gYaW_6uzVUOqhC7rZ2SoD3tg9wef-Th3sejIHKWFHt9V.pD8gdngbXBFZL69c,"https://brooklinema.api.civicclerk.com/v1/Meetings/GetMeetingFileStream(fileId=27955,plainText=false)","https://brooklinema.api.civicclerk.com/v1/Meetings/GetMeetingFileStream(fileId=27956,plainText=false)","https://brooklinema.api.civicclerk.com/v1/Meetings/GetMeetingFileStream(fileId=28172,plainText=false)"
14972,2026-02-05T10:00:00Z,87,School Committee,School Negotiations Subcommittee Meeting (Open Session),Remote via Zoom,https://brooklinema.portal.civicclerk.com/event/14972,,"https://brooklinema.api.civicclerk.com/v1/Meetings/GetMeetingFileStream(fileId=27866,plainText=false)",,"https://brooklinema.api.civicclerk.com/v1/Meetings/GetMeetingFileStream(fileId=28059,plainText=false)"
14953,2026-02-05T18:00:00Z,87,School Committee,School Committee Meeting,"Brookline Town Hall, 5th Floor, School Committee Room, and Remote via BIG Live Stream and Broadcast",https://brooklinema.portal.civicclerk.com/event/14953,https://brooklineinteractive.org/brookline-school-committee-meeting-february-5-2026/,"https://brooklinema.api.civicclerk.com/v1/Meetings/GetMeetingFileStream(fileId=27878,plainText=false)","https://brooklinema.api.civicclerk.com/v1/Meetings/GetMeetingFileStream(fileId=27879,plainText=false)","https://brooklinema.api.civicclerk.com/v1/Meetings/GetMeetingFileStream(fileId=30334,plainText=false)"
14979,2026-02-06T09:00:00Z,144,Expenditures & Revenues Study Committee,"E&RSC ""Future"" Subcommittee",Virtually via Zoom,https://brooklinema.portal.civicclerk.com/event/14979,https://brooklinema.zoomgov.com/rec/share/ntQZCC_j2UfXdKmdut2JNyAjM9guNqhLqU0jUmTNhugqbGKx8kIGsoJVazh9W0L1.ceq8TSavtUMACeWd,"https://brooklinema.api.civicclerk.com/v1/Meetings/GetMeetingFileStream(fileId=27982,plainText=false)","https://brooklinema.api.civicclerk.com/v1/Meetings/GetMeetingFileStream(fileId=27983,plainText=false)","https://brooklinema.api.civicclerk.com/v1/Meetings/GetMeetingFileStream(fileId=28124,plainText=false)"
14955,2026-02-09T16:00:00Z,87,School Committee,School Committee Meeting with Legislators,"Brookline Town Hall, 5th Floor, School Committee Room, and Remote via Zoom",https://brooklinema.portal.civicclerk.com/event/14955,https://brooklinema.zoomgov.com/rec/share/uWFjJxnNm9aDm4V398OC0EVV7CqcXG2ROiU9D1sm4etO-EkcWuQFIlsXvKzFgAwg.8LpDTfADankJknTJ?startTime=1770672093000,"https://brooklinema.api.civicclerk.com/v1/Meetings/GetMeetingFileStream(fileId=27904,plainText=false)","https://brooklinema.api.civicclerk.com/v1/Meetings/GetMeetingFileStream(fileId=27905,plainText=false)","https://brooklinema.api.civicclerk.com/v1/Meetings/GetMeetingFileStream(fileId=30312,plainText=false)"
14984,2026-02-09T17:00:00Z,144,Expenditures & Revenues Study Committee,E&RSC Schools Subcommittee,Virtually via Zoom,https://brooklinema.portal.civicclerk.com/event/14984,https://brooklinema.zoomgov.com/rec/share/JRNrGsIR1WchlMq0No7Cqo8iDfR1pf1sV5HHstthnvdv2u6xq-AnLX2h-aclBLdj.TMhQx1fCcQkmOhY1,"https://brooklinema.api.civicclerk.com/v1/Meetings/GetMeetingFileStream(fileId=28017,plainText=false)","https://brooklinema.api.civicclerk.com/v1/Meetings/GetMeetingFileStream(fileId=28018,plainText=false)","https://brooklinema.api.civicclerk.com/v1/Meetings/GetMeetingFileStream(fileId=30280,plainText=false)"
14991,2026-02-10T17:00:00Z,87,School Committee,School Negotiations Subcommittee Meeting (Open Session),Remote via Zoom,https://brooklinema.portal.civicclerk.com/event/14991,,"https://brooklinema.api.civicclerk.com/v1/Meetings/GetMeetingFileStream(fileId=27986,plainText=false)",,"https://brooklinema.api.civicclerk.com/v1/Meetings/GetMeetingFileStream(fileId=30263,plainText=false)"
14767,2026-02-10T17:30:00Z,26,Select Board,Select Board Regular Meeting,"Select Board Hearing Room 6th Floor, , Brookline Town Hall, and Zoom",https://brooklinema.portal.civicclerk.com/event/14767,https://brooklinema.zoomgov.com/rec/share/OqfE4XQL23SMjT_We3-o7BvGnK6XxMkpdhB2PQBj5QPbnyo0RjFf0O_T0MHYTY82.Obo01Y2V9yLbmFwF,"https://brooklinema.api.civicclerk.com/v1/Meetings/GetMeetingFileStream(fileId=28005,plainText=false)","https://brooklinema.api.civicclerk.com/v1/Meetings/GetMeetingFileStream(fileId=28046,plainText=false)",
14988,2026-02-11T14:00:00Z,144,Expenditures & Revenues Study Committee,Expenditures and Revenue Study Committee Meeting,"Town Hall, 333 Washington Street, Room 103 and Zoom, Brookline, Massachusetts, 02445",https://brooklinema.portal.civicclerk.com/event/14988,https://brooklinema.zoomgov.com/rec/share/JlG1r3RTtY0XZoPQ17ZiIYD1UhndONPmpSemVccVgNEWHqwSdJRYJzZXtIusI8rD.E0LEfn-jK4r4P-cq,"https://brooklinema.api.civicclerk.com/v1/Meetings/GetMeetingFileStream(fileId=28069,plainText=false)","https://brooklinema.api.civicclerk.com/v1/Meetings/GetMeetingFileStream(fileId=28070,plainText=false)","https://brooklinema.api.civicclerk.com/v1/Meetings/GetMeetingFileStream(fileId=30314,plainText=false)"
14995,2026-02-12T09:00:00Z,144,Expenditures & Revenues Study Committee,E&RSC Town Subcommittee,Virtually via Zoom,https://brooklinema.portal.civicclerk.com/event/14995,https://brooklinema.zoomgov.com/rec/share/XYBgvD3bWW3JL9KAEbizw7Jx1q8CfuZ30PafD8W-E3N1DNN5a5k1VZhnDRPUkxRS.xM8ZP3a1oj6n7n81,"https://brooklinema.api.civicclerk.com/v1/Meetings/GetMeetingFileStream(fileId=28049,plainText=false)","https://brooklinema.api.civicclerk.com/v1/Meetings/GetMeetingFileStream(fileId=28058,plainText=false)","https://brooklinema.api.civicclerk.com/v1/Meetings/GetMeetingFileStream(fileId=28174,plainText=false)"
14954,2026-02-12T18:00:00Z,87,School Committee,School Committee Meeting,"Brookline Town Hall, 5th Floor, School Committee Room, and Remote via BIG Live Stream and Broadcast",https://brooklinema.portal.civicclerk.com/event/14954,https://brooklineinteractive.org/brookline-school-committee-meeting-february-12-2026/,"https://brooklinema.api.civicclerk.com/v1/Meetings/GetMeetingFileStream(fileId=28007,plainText=false)","https://brooklinema.api.civicclerk.com/v1/Meetings/GetMeetingFileStream(fileId=28008,plainText=false)","https://brooklinema.api.civicclerk.com/v1/Meetings/GetMeetingFileStream(fileId=30338,plainText=false)"
15014,2026-02-13T09:00:00Z,144,Expenditures & Revenues Study Committee,"E&RSC ""Future"" Subcommittee",Virtually via Zoom,https://brooklinema.portal.civicclerk.com/event/15014,https://brooklinema.zoomgov.com/rec/share/CHOqql0ekfeKhpR8jpc3Jwxn1PhKLy0fKkss58DwdBswcEHoEqrPNmMi1nl-H7cL.6SE8C94NjUomzkZN,"https://brooklinema.api.civicclerk.com/v1/Meetings/GetMeetingFileStream(fileId=28102,plainText=false)","https://brooklinema.api.civicclerk.com/v1/Meetings/GetMeetingFileStream(fileId=28103,plainText=false)","https://brooklinema.api.civicclerk.com/v1/Meetings/GetMeetingFileStream(fileId=30317,plainText=false)"
15015,2026-02-17T17:00:00Z,144,Expenditures & Revenues Study Committee,E&RSC Schools Subcommittee,Virtually via Zoom,https://brooklinema.portal.civicclerk.com/event/15015,https://brooklinema.zoomgov.com/rec/share/99GIkr73OhyWz8TkDtL411YPbNhcBg1-bukq1WysmvfY-Sp293t6dVuJpXA27Jvc.20oNRoQdwrwZLdwf,"https://brooklinema.api.civicclerk.com/v1/Meetings/GetMeetingFileStream(fileId=28116,plainText=false)","https://brooklinema.api.civicclerk.com/v1/Meetings/GetMeetingFileStream(fileId=28117,plainText=false)",
14768,2026-02-17T18:30:00Z,26,Select Board,Select Board Regular Meeting,"Select Board Hearing Room 6th Floor, , Brookline Town Hall, and Zoom",https://brooklinema.portal.civicclerk.com/event/14768,,"https://brooklinema.api.civicclerk.com/v1/Meetings/GetMeetingFileStream(fileId=28098,plainText=false)","https://brooklinema.api.civicclerk.com/v1/Meetings/GetMeetingFileStream(fileId=30308,plainText=false)","https://brooklinema.api.civicclerk.com/v1/Meetings/GetMeetingFileStream(fileId=30273,plainText=false)"
14996,2026-02-17T19:00:00Z,28,Advisory Committee,Advisory Committee Meeting,Remote via Zoom,https://brooklinema.portal.civicclerk.com/event/14996,https://brooklinema.zoomgov.com/rec/share/KWnk02j4CX77upqAVGtImm4RL8iG3wbceNXKDg2z4z-ZKSAtIAqsdfPHPUvODmjd.qZn-TEqn8To5zQia?startTime=1771371621000,"https://brooklinema.api.civicclerk.com/v1/Meetings/GetMeetingFileStream(fileId=28060,plainText=false)",,"https://brooklinema.api.civicclerk.com/v1/Meetings/GetMeetingFileStream(fileId=29215,plainText=false)"
15020,2026-02-18T10:00:00Z,26,Select Board,Select Board Licensing Hearing,"Brookline Town Hall, Room 111, First Floor, Brookline Town Hall, , and Zoom",https://brooklinema.portal.civicclerk.com/event/15020,https://brooklinema.zoomgov.com/rec/share/41vIVoyfMJe0f5N0v6yJFT1rYORh8GS8FsmVobiPNaVnB3emDQMUALICOlOkJuCN.qY3mtwzDHK-X6lYH,"https://brooklinema.api.civicclerk.com/v1/Meetings/GetMeetingFileStream(fileId=28156,plainText=false)","https://brooklinema.api.civicclerk.com/v1/Meetings/GetMeetingFileStream(fileId=28158,plainText=false)",
15017,2026-02-18T14:00:00Z,144,Expenditures & Revenues Study Committee,Expenditures and Revenue Study Committee Meeting,"Town Hall, 333 Washington Street, Room 103 and Zoom, Brookline, Massachusetts, 02445",https://brooklinema.portal.civicclerk.com/event/15017,https://brooklinema.zoomgov.com/rec/share/guiw41avV9MeeH5fnKeozLwIaj7dhgIIM1SvM57yVIyQUXIuYsHm_fYQmKPH2t_g.82hCWl1B5zqoCu3h,"https://brooklinema.api.civicclerk.com/v1/Meetings/GetMeetingFileStream(fileId=28130,plainText=false)","https://brooklinema.api.civicclerk.com/v1/Meetings/GetMeetingFileStream(fileId=28131,plainText=false)","https://brooklinema.api.civicclerk.com/v1/Meetings/GetMeetingFileStream(fileId=30316,plainText=false)"
15021,2026-02-19T09:00:00Z,144,Expenditures & Revenues Study Committee,E&RSC Town Subcommittee,Virtually via Zoom,https://brooklinema.portal.civicclerk.com/event/15021,https://brooklinema.zoomgov.com/rec/share/NmNPxJVvq36WRxC9OxVTrnZPwB4A20_ftA7eAJHFy5-h01g_ehVaYQCmygYG5ank.9CJ_zCPe8aEuWcQ4,"https://brooklinema.api.civicclerk.com/v1/Meetings/GetMeetingFileStream(fileId=28094,plainText=false)","https://brooklinema.api.civicclerk.com/v1/Meetings/GetMeetingFileStream(fileId=28147,plainText=false)","https://brooklinema.api.civicclerk.com/v1/Meetings/GetMeetingFileStream(fileId=30318,plainText=false)"
15027,2026-02-20T09:00:00Z,144,Expenditures & Revenues Study Committee,"E&RSC ""Future"" Subcommittee",Virtually via Zoom,https://brooklinema.portal.civicclerk.com/event/15027,,"https://brooklinema.api.civicclerk.com/v1/Meetings/GetMeetingFileStream(fileId=28132,plainText=false)","https://brooklinema.api.civicclerk.com/v1/Meetings/GetMeetingFileStream(fileId=28133,plainText=false)",
16044,2026-02-23T17:00:00Z,144,Expenditures & Revenues Study Committee,E&RSC Schools Subcommittee,Virtually via Zoom,https://brooklinema.portal.civicclerk.com/event/16044,https://brooklinema.zoomgov.com/rec/share/9aK_v5GabupQuiShVPEwXxcr4uNQuxhw6fQA6Q_bsuAM-l9ibOmD6zI1Lz07SVH7.0NaBa5oKBPr4g1Uf,"https://brooklinema.api.civicclerk.com/v1/Meetings/GetMeetingFileStream(fileId=29213,plainText=false)","https://brooklinema.api.civicclerk.com/v1/Meetings/GetMeetingFileStream(fileId=29214,plainText=false)",
16045,2026-02-24T09:00:00Z,144,Expenditures & Revenues Study Committee,E&RSC Town Subcommittee,Virtually via Zoom,https://brooklinema.portal.civicclerk.com/event/16045,https://brooklinema.zoomgov.com/rec/share/iU8G5rTa-7pvHJV6jxqR6mqS7qCqGJX-TaCe1vRiJvOKG6Cry4AAELHlj8Vnel84.qEoMY3-QW7-PuBYw,"https://brooklinema.api.civicclerk.com/v1/Meetings/GetMeetingFileStream(fileId=29184,plainText=false)","https://brooklinema.api.civicclerk.com/v1/Meetings/GetMeetingFileStream(fileId=29203,plainText=false)","https://brooklinema.api.civicclerk.com/v1/Meetings/GetMeetingFileStream(fileId=30344,plainText=false)"
14952,2026-02-24T17:00:00Z,87,School Committee,School Policy Subcommittee Meeting,Remote via Zoom,https://brooklinema.portal.civicclerk.com/event/14952,https://brooklinema.zoomgov.com/rec/share/GoKu8u-rrdhKqFjYllJtZfgCgTBKKRHy3HoEhVd77_gz2OjAvO6n-9aKikD8Qr3S.jpOhJagTnUJg3vn3?startTime=1771970450000,"https://brooklinema.api.civicclerk.com/v1/Meetings/GetMeetingFileStream(fileId=28170,plainText=false)","https://brooklinema.api.civicclerk.com/v1/Meetings/GetMeetingFileStream(fileId=28171,plainText=false)","https://brooklinema.api.civicclerk.com/v1/Meetings/GetMeetingFileStream(fileId=30627,plainText=false)"
14591,2026-02-24T17:30:00Z,26,Select Board,Select Board Regular Meeting,"Select Board Hearing Room 6th Floor, , Brookline Town Hall, and Zoom",https://brooklinema.portal.civicclerk.com/event/14591,https://brooklinema.zoomgov.com/rec/share/KpR0A1TlUGK0vVJxP8OrZmrZzUugnp-N0fBJpgfDpFWVlOHUH9v1LELBWXXzLxp4.i8hqcFYLxEH7mAhL,"https://brooklinema.api.civicclerk.com/v1/Meetings/GetMeetingFileStream(fileId=29227,plainText=false)","https://brooklinema.api.civicclerk.com/v1/Meetings/GetMeetingFileStream(fileId=30238,plainText=false)","https://brooklinema.api.civicclerk.com/v1/Meetings/GetMeetingFileStream(fileId=30528,plainText=false)"
15038,2026-02-24T18:00:00Z,28,Advisory Committee,Human Services Subcommittee Hearing on Veterans Services FY27 Budget,Remote Via Zoom,https://brooklinema.portal.civicclerk.com/event/15038,https://brooklinema.zoomgov.com/rec/share/2Coj5hfE6Zvs6scsCNmzefAtsdI_dinJuOOcmCyaY1blfIMjRQFNQATUdqhqduBT.hWELuRJ8r8ZdBOBu,"https://brooklinema.api.civicclerk.com/v1/Meetings/GetMeetingFileStream(fileId=28173,plainText=false)","https://brooklinema.api.civicclerk.com/v1/Meetings/GetMeetingFileStream(fileId=29208,plainText=false)","https://brooklinema.api.civicclerk.com/v1/Meetings/GetMeetingFileStream(fileId=30400,plainText=false)"
15037,2026-02-24T19:00:00Z,28,Advisory Committee,Advisory Committee Meeting,Remote Via Zoom,https://brooklinema.portal.civicclerk.com/event/15037,https://brooklinema.zoomgov.com/rec/share/fcng5uUmcTSscoF3blaBwrRUQnkTsME4FryVCCmg3MeAZciAha9YGpe7GxVKXtgY.OaWlrY2yvTVnweGC,"https://brooklinema.api.civicclerk.com/v1/Meetings/GetMeetingFileStream(fileId=28168,plainText=false)","https://brooklinema.api.civicclerk.com/v1/Meetings/GetMeetingFileStream(fileId=28169,plainText=false)","https://brooklinema.api.civicclerk.com/v1/Meetings/GetMeetingFileStream(fileId=30256,plainText=false)"
16046,2026-02-25T14:00:00Z,144,Expenditures & Revenues Study Committee,Expenditures and Revenue Study Committee Meeting,"Town Hall, 333 Washington Street, Room 111 and Zoom, Brookline, Massachusetts, 02445",https://brooklinema.portal.civicclerk.com/event/16046,https://brooklinema.zoomgov.com/rec/share/goWxw5Kbt8LNF5yApzIbOIbmdBPqK9x33jtYDjmdzGLwq_7eJ470iHFHm5m7MauE.r6oRtHkhmwIsfish,"https://brooklinema.api.civicclerk.com/v1/Meetings/GetMeetingFileStream(fileId=30239,plainText=false)","https://brooklinema.api.civicclerk.com/v1/Meetings/GetMeetingFileStream(fileId=30240,plainText=false)",
16049,2026-02-25T15:00:00Z,28,Advisory Committee,Administration & Finance Subcommittee Hearing on Town Clerk FY27 Budget,Remote Via Zoom,https://brooklinema.portal.civicclerk.com/event/16049,https://brooklinema.zoomgov.com/rec/share/qMFbGAtFY60KKPDCnEhlpL8sOefhT-AfXn_BVRDdDj7GwWn10UgTw9omOmNC3_cV.UmDjy-o-UYJlgpwO,"https://brooklinema.api.civicclerk.com/v1/Meetings/GetMeetingFileStream(fileId=29200,plainText=false)",,
14997,2026-02-25T16:00:00Z,87,School Committee,School Negotiations Subcommittee Meeting,"Brookline Town Hall, 5th Floor,, 333 Washington Street",https://brooklinema.portal.civicclerk.com/event/14997,https://brooklinema.zoomgov.com/rec/share/YIg4gmNZlfxAdt44_qmzSudkGdF0_nU-8oHWlyNbn5OaUJ3CVIASrp-KGfNsnGkn.E6tEuZXgPlYtl6lu?startTime=1772057313000,"https://brooklinema.api.civicclerk.com/v1/Meetings/GetMeetingFileStream(fileId=28165,plainText=false)",,"https://brooklinema.api.civicclerk.com/v1/Meetings/GetMeetingFileStream(fileId=30502,plainText=false)"
15039,2026-02-26T17:00:00Z,28,Advisory Committee,Personnel Subcommittee Hearing on Human Resources Dept and Benefits FY27 Budget,Remote via Zoom,https://brooklinema.portal.civicclerk.com/event/15039,https://brooklinema.zoomgov.com/rec/share/QOxnu1UckzlnTYLYpZtBREA7H1HJ1M0UQbWR6Yz4lcTz-57bEZZtS7aODaxxia38.iLOpyUdGhibyIXEP,"https://brooklinema.api.civicclerk.com/v1/Meetings/GetMeetingFileStream(fileId=28175,plainText=false)",,"https://brooklinema.api.civicclerk.com/v1/Meetings/GetMeetingFileStream(fileId=30388,plainText=false)"
15013,2026-02-26T18:00:00Z,87,School Committee,School Committee Meeting,"Brookline Town Hall, 333 Washington Street, 5th Floor, and Remote via Zoom",https://brooklinema.portal.civicclerk.com/event/15013,https://www.youtube.com/watch?v=QLRDO-qMskk,"https://brooklinema.api.civicclerk.com/v1/Meetings/GetMeetingFileStream(fileId=29197,plainText=false)","https://brooklinema.api.civicclerk.com/v1/Meetings/GetMeetingFileStream(fileId=29199,plainText=false)","https://brooklinema.api.civicclerk.com/v1/Meetings/GetMeetingFileStream(fileId=30637,plainText=false)"
16055,2026-02-27T09:00:00Z,144,Expenditures & Revenues Study Committee,"E&RSC ""Future"" Subcommittee",Virtually via Zoom,https://brooklinema.portal.civicclerk.com/event/16055,,"https://brooklinema.api.civicclerk.com/v1/Meetings/GetMeetingFileStream(fileId=30241,plainText=false)","https://brooklinema.api.civicclerk.com/v1/Meetings/GetMeetingFileStream(fileId=30242,plainText=false)",
15040,2026-03-02T15:15:00Z,28,Advisory Committee,Administration and Finance Subcommittee Meeting & Hearing on Assorted FY27 Budgets,Remote via Zoom,https://brooklinema.portal.civicclerk.com/event/15040,https://brooklinema.zoomgov.com/rec/share/9A-7JgNz6hjd7Rry_uQYNRyTSGOc3yKneoAdW-heFA6BPCPuc8kaafomsgImmHkl._Z2iECrMip4Rvayn?startTime=1772481703000,"https://brooklinema.api.civicclerk.com/v1/Meetings/GetMeetingFileStream(fileId=28176,plainText=false)",,
14951,2026-03-02T16:00:00Z,87,School Committee,School Curriculum Subcommittee Meeting,"Town Hall, 5th Floor, School Committee Room, and Remote via Zoom",https://brooklinema.portal.civicclerk.com/event/14951,https://brooklinema.zoomgov.com/rec/share/DxNDtnPAeOF-8vpMbHzSa2ZyhsGlBEyiwJEytetP8o5TQj1W4iNfohQRzEV7kUj-.1Wp7uPvCR5nscOEX?startTime=1772485249000,"https://brooklinema.api.civicclerk.com/v1/Meetings/GetMeetingFileStream(fileId=30269,plainText=false)","https://brooklinema.api.civicclerk.com/v1/Meetings/GetMeetingFileStream(fileId=30270,plainText=false)","https://brooklinema.api.civicclerk.com/v1/Meetings/GetMeetingFileStream(fileId=30720,plainText=false)"
16070,2026-03-02T17:00:00Z,144,Expenditures & Revenues Study Committee,E&RSC Schools Subcommittee,Virtually via Zoom,https://brooklinema.portal.civicclerk.com/event/16070,https://brooklinema.zoomgov.com/rec/share/lWOXvPkFop76VkH9Q-WB0DNat5U_jT87cyAPcgGt6TDuWMoT9np3Fo0k6s3cb6w.7UeGmVvEiQJTeki7,"https://brooklinema.api.civicclerk.com/v1/Meetings/GetMeetingFileStream(fileId=30324,plainText=false)","https://brooklinema.api.civicclerk.com/v1/Meetings/GetMeetingFileStream(fileId=30325,plainText=false)",
16064,2026-03-02T18:00:00Z,28,Advisory Committee,Public Safety Subcommittee Hearing FY27 Police Dept Budget Review,Remote on Zoom,https://brooklinema.portal.civicclerk.com/event/16064,https://brooklinema.zoomgov.com/rec/share/Gt5ILIY9PMN9UQm-WKDxuEQLRXIkU-6kzcA2yRn_e695Vjg28y0IDvK-3GGv6fpK.cAXxTR035Cfr4Q3v,"https://brooklinema.api.civicclerk.com/v1/Meetings/GetMeetingFileStream(fileId=30252,plainText=false)",,
16073,2026-03-03T09:00:00Z,144,Expenditures & Revenues Study Committee,E&RSC Town Subcommittee,Virtually via Zoom,https://brooklinema.portal.civicclerk.com/event/16073,https://brooklinema.zoomgov.com/rec/share/BUaViPlLx1LFkl1if2xHVEKB_o3gbSROkFJZ2PVPk05VnQGkAnyDWp2vjgWLAjHr.mVGY7m9ODDLjbbe-,"https://brooklinema.api.civicclerk.com/v1/Meetings/GetMeetingFileStream(fileId=30335,plainText=false)","https://brooklinema.api.civicclerk.com/v1/Meetings/GetMeetingFileStream(fileId=30347,plainText=false)",
16083,2026-03-03T11:30:00Z,144,Expenditures & Revenues Study Committee,Expenditures and Revenue Study Committee Meeting,"Town Hall, 333 Washington Street, Room 103 and Zoom, Brookline, Massachusetts, 02445",https://brooklinema.portal.civicclerk.com/event/16083,https://brooklinema.zoomgov.com/rec/share/KBUhKuQaszIdn5pmzsIRHAxj3ROv-jY5_gBNcIEy20P5MJgeVelHWNfskFvTlniC.fLszZ85CMnxFqJPq,"https://brooklinema.api.civicclerk.com/v1/Meetings/GetMeetingFileStream(fileId=30351,plainText=false)","https://brooklinema.api.civicclerk.com/v1/Meetings/GetMeetingFileStream(fileId=30352,plainText=false)",
16087,2026-03-03T18:30:00Z,28,Advisory Committee,Human Services Subcommittee Meeting,,https://brooklinema.portal.civicclerk.com/event/16087,https://brooklinema.zoomgov.com/rec/share/qMUhw8G5b06m6GPS4u7yf8404eRctKW08vsS87zo7fJNLyMnBv_-uw0tCkRwKM5x.UHBIpYGeigAbJXyi,"https://brooklinema.api.civicclerk.com/v1/Meetings/GetMeetingFileStream(fileId=30287,plainText=false)","https://brooklinema.api.civicclerk.com/v1/Meetings/GetMeetingFileStream(fileId=30369,plainText=false)",
16056,2026-03-03T19:00:00Z,28,Advisory Committee,Advisory Committee Meeting,,https://brooklinema.portal.civicclerk.com/event/16056,https://brooklinema.zoomgov.com/rec/share/L0rsVX68pjbaOEXbrXJSshMwf_PyzCj22tzea4BIfkOl35weULwnzkk9kkRmt9X4.Dj9vIK2UR6W9suyY?startTime=1772581553000,"https://brooklinema.api.civicclerk.com/v1/Meetings/GetMeetingFileStream(fileId=30259,plainText=false)","https://brooklinema.api.civicclerk.com/v1/Meetings/GetMeetingFileStream(fileId=30363,plainText=false)","https://brooklinema.api.civicclerk.com/v1/Meetings/GetMeetingFileStream(fileId=30424,plainText=false)"
16074,2026-03-04T14:00:00Z,144,Expenditures & Revenues Study Committee,Expenditures and Revenue Study Committee Meeting,"Town Hall, 333 Washington Street, Room 103 and Zoom, Brookline, Massachusetts, 02445",https://brooklinema.portal.civicclerk.com/event/16074,https://brooklinema.zoomgov.com/rec/share/R6kx4Y2iEnZbgDgOPXofhfF6em-cK-TY9CtrB6Xa_Q86BkvHeBg2jwEwK-4QPYCo.-iwT7fi7C92LJH5Q,"https://brooklinema.api.civicclerk.com/v1/Meetings/GetMeetingFileStream(fileId=30354,plainText=false)","https://brooklinema.api.civicclerk.com/v1/Meetings/GetMeetingFileStream(fileId=30378,plainText=false)",
15041,2026-03-04T15:00:00Z,28,Advisory Committee,Administration & Finance Subcommittee Hearing on Information Technology FY27 Budget,Remote via Zoom,https://brooklinema.portal.civicclerk.com/event/15041,https://brooklinema.zoomgov.com/rec/share/TJuW0yNjKKCG5wcXJlxYIbYRNhFbtZZ4Pjj_qOWti0xOjrgbCDS5g-lJiyVctJI1.ZeM3mfdbwu2o8iCD?startTime=1772653249000,"https://brooklinema.api.civicclerk.com/v1/Meetings/GetMeetingFileStream(fileId=30346,plainText=false)",,
16050,2026-03-04T17:00:00Z,28,Advisory Committee,Capital Subcommittee Hearing - Public Safety & Other CIP,Remote Via Zoom,https://brooklinema.portal.civicclerk.com/event/16050,https://brooklinema.zoomgov.com/rec/share/Y9F3pXUGK7LZ3LM8giRbbu56VA_Gz-w9iG1XzUPIb0m0-wOwiZ9SfPr_XGoYBF8s.goBt80PSwwlPdo5P,"https://brooklinema.api.civicclerk.com/v1/Meetings/GetMeetingFileStream(fileId=29217,plainText=false)",,"https://brooklinema.api.civicclerk.com/v1/Meetings/GetMeetingFileStream(fileId=30437,plainText=false)"
14115,2026-03-04T18:00:00Z,87,School Committee,School Committee Meeting,"Brookline Town Hall, 5th Floor, and Remote via BIG Live Stream and Broadcast",https://brooklinema.portal.civicclerk.com/event/14115,https://www.youtube.com/watch?v=L5AW1g7w77k&t=2448s,"https://brooklinema.api.civicclerk.com/v1/Meetings/GetMeetingFileStream(fileId=30339,plainText=false)","https://brooklinema.api.civicclerk.com/v1/Meetings/GetMeetingFileStream(fileId=30340,plainText=false)","https://brooklinema.api.civicclerk.com/v1/Meetings/GetMeetingFileStream(fileId=30662,plainText=false)"
16072,2026-03-05T09:00:00Z,144,Expenditures & Revenues Study Committee,E&RSC Town Subcommittee,Virtually via Zoom,https://brooklinema.portal.civicclerk.com/event/16072,,"https://brooklinema.api.civicclerk.com/v1/Meetings/GetMeetingFileStream(fileId=30381,plainText=false)",,
16057,2026-03-05T19:00:00Z,28,Advisory Committee,Advisory Committee Meeting,,https://brooklinema.portal.civicclerk.com/event/16057,https://brooklinema.zoomgov.com/rec/share/0TpDWkGa1ogeJ4Bd_Z_hIMrZnj67ArsKuUd6Vm5s5_4ypIcC_5eN1IPPwA_2z0B-.iAREFYHWpatjJg4e,"https://brooklinema.api.civicclerk.com/v1/Meetings/GetMeetingFileStream(fileId=30350,plainText=false)","https://brooklinema.api.civicclerk.com/v1/Meetings/GetMeetingFileStream(fileId=30387,plainText=false)","https://brooklinema.api.civicclerk.com/v1/Meetings/GetMeetingFileStream(fileId=30455,plainText=false)"
16075,2026-03-06T09:00:00Z,144,Expenditures & Revenues Study Committee,"E&RSC ""Future"" Subcommittee",Virtually via Zoom,https://brooklinema.portal.civicclerk.com/event/16075,,"https://brooklinema.api.civicclerk.com/v1/Meetings/GetMeetingFileStream(fileId=30425,plainText=false)",,
16105,2026-03-06T11:30:00Z,26,Select Board,Select Board Meeting,,https://brooklinema.portal.civicclerk.com/event/16105,,"https://brooklinema.api.civicclerk.com/v1/Meetings/GetMeetingFileStream(fileId=30375,plainText=false)","https://brooklinema.api.civicclerk.com/v1/Meetings/GetMeetingFileStream(fileId=30427,plainText=false)",
16092,2026-03-09T15:00:00Z,144,Expenditures & Revenues Study Committee,Expenditures and Revenue Study Committee Meeting,"Town Hall, 333 Washington Street, Room 103 and Zoom, Brookline, Massachusetts, 02445",https://brooklinema.portal.civicclerk.com/event/16092,https://brooklinema.zoomgov.com/rec/share/8VnIKx0IZUjM1bqjELH7RP2wq1tGoM4LweWwpUL6Wil3yPxPzoRcSqEFo7K0NMHX.rBstw-p8YuREcemn,"https://brooklinema.api.civicclerk.com/v1/Meetings/GetMeetingFileStream(fileId=30446,plainText=false)","https://brooklinema.api.civicclerk.com/v1/Meetings/GetMeetingFileStream(fileId=30447,plainText=false)",
16101,2026-03-09T16:00:00Z,28,Advisory Committee,"Land Use, Zoning & Sustainability Subcommittee Hearing - Legal Dept FY27 Budget",Remote on Zoom,https://brooklinema.portal.civicclerk.com/event/16101,https://brooklinema.zoomgov.com/rec/share/4t3EfaUIOLB_OwjCi7wx2LSs-P4LYUx10oZEq03_IAepRF18a3dhauZMRgkMbFuM.TKe2M4Y9vh1XadEt,"https://brooklinema.api.civicclerk.com/v1/Meetings/GetMeetingFileStream(fileId=30353,plainText=false)","https://brooklinema.api.civicclerk.com/v1/Meetings/GetMeetingFileStream(fileId=30450,plainText=false)",
16067,2026-03-09T17:00:00Z,28,Advisory Committee,"Capital Subcommittee Hearing - DPW 1 - Admin, Engineering, Highways",,https://brooklinema.portal.civicclerk.com/event/16067,https://brooklinema.zoomgov.com/rec/share/YSh0n25_arTseePlsAxasfjjI5qi-OCKvg60C-erxwkyn-crRhi_OE2kzKJwmrDZ.nulbpfd6ErKJr0QK,"https://brooklinema.api.civicclerk.com/v1/Meetings/GetMeetingFileStream(fileId=30257,plainText=false)",,"https://brooklinema.api.civicclerk.com/v1/Meetings/GetMeetingFileStream(fileId=30533,plainText=false)"
16076,2026-03-09T17:00:00Z,144,Expenditures & Revenues Study Committee,E&RSC Schools Subcommittee,Virtually via Zoom,https://brooklinema.portal.civicclerk.com/event/16076,https://brooklinema.zoomgov.com/rec/share/92Kk-xTSe23TltFRrhIQ1f5syChAR7FydiaP1UY59JNb3vhc6XPGl5WSiabzr1Fm.BIqXhqFaoiWVWrvM,"https://brooklinema.api.civicclerk.com/v1/Meetings/GetMeetingFileStream(fileId=30462,plainText=false)","https://brooklinema.api.civicclerk.com/v1/Meetings/GetMeetingFileStream(fileId=30368,plainText=false)",
16065,2026-03-09T18:00:00Z,28,Advisory Committee,Public Safety Subcommittee Hearing FY27 Fire Dept Budget Review,Remote on Zoom,https://brooklinema.portal.civicclerk.com/event/16065,https://brooklinema.zoomgov.com/rec/share/TkQ7eTuLkYSaKntA8SL3EvMy_okwk9m3SeKdoyuXI96ERqgF4Z6SALeG-h1ZcFaT.JuRVfTJjEc6VbqZQ,"https://brooklinema.api.civicclerk.com/v1/Meetings/GetMeetingFileStream(fileId=30253,plainText=false)",,
16117,2026-03-10T09:00:00Z,144,Expenditures & Revenues Study Committee,E&RSC Town Subcommittee,Remote via Zoom,https://brooklinema.portal.civicclerk.com/event/16117,,"https://brooklinema.api.civicclerk.com/v1/Meetings/GetMeetingFileStream(fileId=30415,plainText=false)","https://brooklinema.api.civicclerk.com/v1/Meetings/GetMeetingFileStream(fileId=30416,plainText=false)",
14998,2026-03-10T16:00:00Z,87,School Committee,School Negotiations Subcommittee Meeting,"Brookline Town Hall, 5th Floor,, 333 Washington Street",https://brooklinema.portal.civicclerk.com/event/14998,https://brooklinema.zoomgov.com/rec/share/0AccqDJd1u6YjqC7k7RphS9rjMSmyrhD0A7hlUusZXplCLdF3p8CjZ5zM_j4YTzM.k4M1PEO1USSceeBv?startTime=1773176822000,"https://brooklinema.api.civicclerk.com/v1/Meetings/GetMeetingFileStream(fileId=30376,plainText=false)",,"https://brooklinema.api.civicclerk.com/v1/Meetings/GetMeetingFileStream(fileId=30700,plainText=false)"
14824,2026-03-10T17:30:00Z,26,Select Board,Select Board Regular Meeting,"Select Board Hearing Room 6th Floor, , Brookline Town Hall, and Zoom",https://brooklinema.portal.civicclerk.com/event/14824,,"https://brooklinema.api.civicclerk.com/v1/Meetings/GetMeetingFileStream(fileId=30474,plainText=false)","https://brooklinema.api.civicclerk.com/v1/Meetings/GetMeetingFileStream(fileId=30547,plainText=false)",
16078,2026-03-11T14:00:00Z,144,Expenditures & Revenues Study Committee,Expenditures and Revenue Study Committee Meeting,"Town Hall, 333 Washington Street, Room 103 and Zoom, Brookline, Massachusetts, 02445",https://brooklinema.portal.civicclerk.com/event/16078,https://brooklinema.zoomgov.com/rec/share/rzmOmHtqd9FZjUcU8WEqD7WoeS-RSQkU7DfyUd3HDhKzdopSTMXjgFSslZoESnd_.RWKKzh0ABfwH5hYX,"https://brooklinema.api.civicclerk.com/v1/Meetings/GetMeetingFileStream(fileId=30518,plainText=false)","https://brooklinema.api.civicclerk.com/v1/Meetings/GetMeetingFileStream(fileId=30519,plainText=false)",
16122,2026-03-11T15:00:00Z,28,Advisory Committee,Administration & Finance Subcommittee Hearing on Finance Dept FY27 Budget,Remote on Zoom,https://brooklinema.portal.civicclerk.com/event/16122,,"https://brooklinema.api.civicclerk.com/v1/Meetings/GetMeetingFileStream(fileId=30449,plainText=false)",,
16068,2026-03-11T17:00:00Z,28,Advisory Committee,"Capital Subcommittee Hearing - DPW 2 - Sanitation, Water & Sewer",,https://brooklinema.portal.civicclerk.com/event/16068,https://brooklinema.zoomgov.com/rec/share/inbwJ6xBcM5LGe70KOfFQ9bA1C61RCIWGKVZuuF-vojImWpixI85txmMNC97P5Vh.EG41ufJsKTeIBQPu?startTime=1773262427000,"https://brooklinema.api.civicclerk.com/v1/Meetings/GetMeetingFileStream(fileId=30258,plainText=false)",,"https://brooklinema.api.civicclerk.com/v1/Meetings/GetMeetingFileStream(fileId=30631,plainText=false)"
16089,2026-03-11T17:30:00Z,28,Advisory Committee,Human Services Subcommittee Hearing -Council on Aging FY27 Budget,,https://brooklinema.portal.civicclerk.com/event/16089,,"https://brooklinema.api.civicclerk.com/v1/Meetings/GetMeetingFileStream(fileId=30296,plainText=false)","https://brooklinema.api.civicclerk.com/v1/Meetings/GetMeetingFileStream(fileId=30531,plainText=false)","https://brooklinema.api.civicclerk.com/v1/Meetings/GetMeetingFileStream(fileId=30671,plainText=false)"
16079,2026-03-12T09:00:00Z,144,Expenditures & Revenues Study Committee,E&RSC Town Subcommittee,Virtually via Zoom,https://brooklinema.portal.civicclerk.com/event/16079,https://brooklinema.zoomgov.com/rec/share/rnkefAJpWHsnHMi8E6DG6ib_-PCwTTQVRf7bI8fiYjw9HFbb02AItjJwtYJ_WNZk.9Uzi9jWkWz97vlHt,"https://brooklinema.api.civicclerk.com/v1/Meetings/GetMeetingFileStream(fileId=30480,plainText=false)","https://brooklinema.api.civicclerk.com/v1/Meetings/GetMeetingFileStream(fileId=30481,plainText=false)",
16096,2026-03-12T17:00:00Z,144,Expenditures & Revenues Study Committee,Expenditures and Revenue Study Committee Meeting,"Town Hall, 333 Washington Street, Room 103 and Zoom, Brookline, Massachusetts, 02445",https://brooklinema.portal.civicclerk.com/event/16096,https://brooklinema.zoomgov.com/rec/share/wsz9kYFyPjX8GswkNKMJ70-m0IYxqARow_rPk-YGR_DNIyjiw2M2c4peGPllplsh.fPTVyM-WuNUpb4jC,"https://brooklinema.api.civicclerk.com/v1/Meetings/GetMeetingFileStream(fileId=30565,plainText=false)","https://brooklinema.api.civicclerk.com/v1/Meetings/GetMeetingFileStream(fileId=30542,plainText=false)",
16090,2026-03-12T18:00:00Z,28,Advisory Committee,Human Services Subcommittee Hearing - ODEICR FY27 Budget,,https://brooklinema.portal.civicclerk.com/event/16090,,"https://brooklinema.api.civicclerk.com/v1/Meetings/GetMeetingFileStream(fileId=30297,plainText=false)","https://brooklinema.api.civicclerk.com/v1/Meetings/GetMeetingFileStream(fileId=30503,plainText=false)","https://brooklinema.api.civicclerk.com/v1/Meetings/GetMeetingFileStream(fileId=30672,plainText=false)"
16059,2026-03-12T19:00:00Z,28,Advisory Committee,Advisory Committee Meeting,,https://brooklinema.portal.civicclerk.com/event/16059,,,,
16102,2026-03-13T09:30:00Z,28,Advisory Committee,"Land Use, Zoning and Sustainability Subcommittee Hearing WA 14 ADUs",Remote on Zoom,https://brooklinema.portal.civicclerk.com/event/16102,,"https://brooklinema.api.civicclerk.com/v1/Meetings/GetMeetingFileStream(fileId=30439,plainText=false)","https://brooklinema.api.civicclerk.com/v1/Meetings/GetMeetingFileStream(fileId=30576,plainText=false)",
16097,2026-03-13T10:30:00Z,144,Expenditures & Revenues Study Committee,Expenditures and Revenue Study Committee Meeting,"Town Hall, 333 Washington Street, Room 103 and Zoom, Brookline, Massachusetts, 02445",https://brooklinema.portal.civicclerk.com/event/16097,https://brooklinema.zoomgov.com/rec/share/dmw01hcvBraAFLKkt5b8Nsnj8jtmJjKImpx1xXr8vqfF0kmATc94jqb9ZpV_Pt29.3a6ru-M9rCbKXyeD,"https://brooklinema.api.civicclerk.com/v1/Meetings/GetMeetingFileStream(fileId=30573,plainText=false)","https://brooklinema.api.civicclerk.com/v1/Meetings/GetMeetingFileStream(fileId=30574,plainText=false)",
16091,2026-03-16T18:30:00Z,28,Advisory Committee,Human Services Subcommittee Hearing - Library FY27 Budget,,https://brooklinema.portal.civicclerk.com/event/16091,,"https://brooklinema.api.civicclerk.com/v1/Meetings/GetMeetingFileStream(fileId=30298,plainText=false)","https://brooklinema.api.civicclerk.com/v1/Meetings/GetMeetingFileStream(fileId=30592,plainText=false)",
16099,2026-03-16T19:00:00Z,59,Economic Development Advisory Board,Economic Development Advisory Board Meeting,Virtual (Zoom),https://brooklinema.portal.civicclerk.com/event/16099,https://brooklinema.zoomgov.com/rec/share/XcNSLqtJI_MqVtYySTL9SqWuoN29NkMJFRz4N7r7fHcQBsameXZJ1Fi5Mo9RwTau.Ym4wbQ2_Wn7-Nzof?startTime=1773702038000,"https://brooklinema.api.civicclerk.com/v1/Meetings/GetMeetingFileStream(fileId=30584,plainText=false)","https://brooklinema.api.civicclerk.com/v1/Meetings/GetMeetingFileStream(fileId=30610,plainText=false)",
16103,2026-03-16T19:00:00Z,28,Advisory Committee,Schools Subcommittee Hearing and Meeting on WAs 22 & 23,Remote on Zoom,https://brooklinema.portal.civicclerk.com/event/16103,,"https://brooklinema.api.civicclerk.com/v1/Meetings/GetMeetingFileStream(fileId=30505,plainText=false)","https://brooklinema.api.civicclerk.com/v1/Meetings/GetMeetingFileStream(fileId=30579,plainText=false)",
14772,2026-03-17T09:00:00Z,26,Select Board,Select Board Regular Meeting,"1281 West Roxbury Parkway, Robert T, Lynch Municipal Golf Course and zoom, Brookline, MA, 02445",https://brooklinema.portal.civicclerk.com/event/14772,https://brooklinema.zoomgov.com/rec/share/LFM9zP1BiNSODw12xjFMTydf5nCeoxKxLTmHtgQi91z4wBp_fbjCEq7ztmHlRLPo.sEqEbOqgFCJqS6EI,"https://brooklinema.api.civicclerk.com/v1/Meetings/GetMeetingFileStream(fileId=30568,plainText=false)","https://brooklinema.api.civicclerk.com/v1/Meetings/GetMeetingFileStream(fileId=30614,plainText=false)",
16145,2026-03-17T09:45:00Z,144,Expenditures & Revenues Study Committee,Expenditures and Revenues Study Committee Joint Meeting with Select Board,Remote via Zoom,https://brooklinema.portal.civicclerk.com/event/16145,,"https://brooklinema.api.civicclerk.com/v1/Meetings/GetMeetingFileStream(fileId=30570,plainText=false)","https://brooklinema.api.civicclerk.com/v1/Meetings/GetMeetingFileStream(fileId=30599,plainText=false)",
16121,2026-03-17T17:00:00Z,87,School Committee,School Policy Subcommittee Meeting,Remote via Zoom,https://brooklinema.portal.civicclerk.com/event/16121,https://brooklinema.zoomgov.com/rec/share/cnXSOPB9nU1K0LssG2SaMvpFlrrM9aMGK7oE6qAmphA6SIRdkrMauV2BTTnD5Qa1.LgZfCZsyE9teNqxm?startTime=1773781395000,"https://brooklinema.api.civicclerk.com/v1/Meetings/GetMeetingFileStream(fileId=30524,plainText=false)","https://brooklinema.api.civicclerk.com/v1/Meetings/GetMeetingFileStream(fileId=30525,plainText=false)",
16060,2026-03-17T19:00:00Z,28,Advisory Committee,Advisory Committee Meeting,"Remote via Zoom and 333 Washington Street, Room 103, Brookline, MA, 02445",https://brooklinema.portal.civicclerk.com/event/16060,https://brooklinema.zoomgov.com/rec/share/rfebgPPB8XKDIbubCq5K8NlyIKhI45Zt_pdEPJQLdii5U_EYaVE6-T75AC1fiGkO.gKQz27szI-A2InEv?startTime=1773786916000,"https://brooklinema.api.civicclerk.com/v1/Meetings/GetMeetingFileStream(fileId=30577,plainText=false)","https://brooklinema.api.civicclerk.com/v1/Meetings/GetMeetingFileStream(fileId=30617,plainText=false)",
16127,2026-03-18T10:00:00Z,26,Select Board,Select Board Licensing Hearing,"Brookline Town Hall, Room 111, First Floor, Brookline Town Hall, , and Zoom",https://brooklinema.portal.civicclerk.com/event/16127,https://brooklinema.zoomgov.com/rec/share/A5oDvj-Gx7WzsXMCvWWDNS_PHwUGfPxQnVOzYtfWcr21Hv6NRNvsFVL28L_dEIfS.-akNLESkYcnae8Jm,"https://brooklinema.api.civicclerk.com/v1/Meetings/GetMeetingFileStream(fileId=30625,plainText=false)","https://brooklinema.api.civicclerk.com/v1/Meetings/GetMeetingFileStream(fileId=30596,plainText=false)",
14151,2026-03-18T17:00:00Z,87,School Committee,School Finance and Capital Projects Subcommittee Meeting,Remote via Zoom,https://brooklinema.portal.civicclerk.com/event/14151,https://brooklinema.zoomgov.com/rec/share/HlGCSJ8i3RR42Q9s2caMEGjCmphsnqx3nbx5xD8ETowBCoE3pGYY5D0QgeiC5cWx.AuIKHGsMq3bkp4vJ?startTime=1773867838000,"https://brooklinema.api.civicclerk.com/v1/Meetings/GetMeetingFileStream(fileId=30602,plainText=false)","https://brooklinema.api.civicclerk.com/v1/Meetings/GetMeetingFileStream(fileId=30603,plainText=false)",
16069,2026-03-18T17:00:00Z,28,Advisory Committee,"Capital Subcommittee Hearing - DPW 3 - Parks & Open Spaces, Sustainability & Natural Resources",,https://brooklinema.portal.civicclerk.com/event/16069,https://brooklinema.zoomgov.com/rec/share/KDEhIDAi90ZingOsMDRe1mozrCr9UmXtrmN6wIK1kkp24Ad6H0cXzUdayq1VkV_x.hNrdxYfYfnMnVtb_?startTime=1773867315000,"https://brooklinema.api.civicclerk.com/v1/Meetings/GetMeetingFileStream(fileId=30292,plainText=false)","https://brooklinema.api.civicclerk.com/v1/Meetings/GetMeetingFileStream(fileId=30591,plainText=false)","https://brooklinema.api.civicclerk.com/v1/Meetings/GetMeetingFileStream(fileId=30670,plainText=false)"
16149,2026-03-18T17:00:00Z,87,School Committee,School Committee Meeting (Finance),Remote via Zoom,https://brooklinema.portal.civicclerk.com/event/16149,https://brooklinema.zoomgov.com/rec/share/HlGCSJ8i3RR42Q9s2caMEGjCmphsnqx3nbx5xD8ETowBCoE3pGYY5D0QgeiC5cWx.AuIKHGsMq3bkp4vJ?startTime=1773867838000,"https://brooklinema.api.civicclerk.com/v1/Meetings/GetMeetingFileStream(fileId=30604,plainText=false)","https://brooklinema.api.civicclerk.com/v1/Meetings/GetMeetingFileStream(fileId=30605,plainText=false)",
16088,2026-03-18T17:30:00Z,28,Advisory Committee,Human Services Subcommittee Hearing - Health & Human Services Dept FY27 Budget,Remote on Zoom,https://brooklinema.portal.civicclerk.com/event/16088,,"https://brooklinema.api.civicclerk.com/v1/Meetings/GetMeetingFileStream(fileId=30509,plainText=false)","https://brooklinema.api.civicclerk.com/v1/Meetings/GetMeetingFileStream(fileId=30510,plainText=false)",
14117,2026-03-19T18:00:00Z,87,School Committee,School Committee Meeting,"Brookline Town Hall, 5th Floor, and Remote via BIG Live Stream and Broadcast",https://brooklinema.portal.civicclerk.com/event/14117,https://brooklinema.zoomgov.com/rec/share/ibOZG4LA2BRAOSc_a9xGp4R1PH5Gb3FfzaFjH0JBezy4llM8rg0cJOuauyn3SkUR.JgaXE3RAU98og9wY?startTime=1773957663000,"https://brooklinema.api.civicclerk.com/v1/Meetings/GetMeetingFileStream(fileId=30548,plainText=false)","https://brooklinema.api.civicclerk.com/v1/Meetings/GetMeetingFileStream(fileId=30628,plainText=false)",
16061,2026-03-19T19:00:00Z,28,Advisory Committee,Advisory Committee Meeting,,https://brooklinema.portal.civicclerk.com/event/16061,https://brooklinema.zoomgov.com/rec/share/kOuZ0c5LKfgQrDwCmlbl9J4lQ0exFf22pSbhbMmVKfO9EfLus2n4VwVxpS3nzoz6.dEQXr8j5D0xPO0kV,"https://brooklinema.api.civicclerk.com/v1/Meetings/GetMeetingFileStream(fileId=30593,plainText=false)","https://brooklinema.api.civicclerk.com/v1/Meetings/GetMeetingFileStream(fileId=30655,plainText=false)",
16129,2026-03-23T17:00:00Z,28,Advisory Committee,Capital Subcommittee Hearing,Remote on Zoom,https://brooklinema.portal.civicclerk.com/event/16129,,"https://brooklinema.api.civicclerk.com/v1/Meetings/GetMeetingFileStream(fileId=30495,plainText=false)",,
16134,2026-03-23T18:30:00Z,28,Advisory Committee,Schools Subcommittee Hearing & Meeting,Remote on Zoom,https://brooklinema.portal.civicclerk.com/event/16134,,"https://brooklinema.api.civicclerk.com/v1/Meetings/GetMeetingFileStream(fileId=30629,plainText=false)",,
16135,2026-03-24T09:00:00Z,28,Advisory Committee,"Land Use, Zoning and Sustainability Subcommittee Hearing",Remote on Zoom,https://brooklinema.portal.civicclerk.com/event/16135,,"https://brooklinema.api.civicclerk.com/v1/Meetings/GetMeetingFileStream(fileId=30534,plainText=false)",,
16160,2026-03-24T15:00:00Z,28,Advisory Committee,Administration and Finance Subcommittee Hearing on WA 13,,https://brooklinema.portal.civicclerk.com/event/16160,,"https://brooklinema.api.civicclerk.com/v1/Meetings/GetMeetingFileStream(fileId=30654,plainText=false)",,
14999,2026-03-24T16:00:00Z,87,School Committee,School Negotiations Subcommittee Meeting (Open Session),"Brookline Town Hall, 5th Floor,, 333 Washington Street",https://brooklinema.portal.civicclerk.com/event/14999,https://brooklinema.zoomgov.com/rec/share/89WLIyLW_afNBhuinCzHxcIzFSZuxzlk28WrzeeX6cCorkF6PhHXRhH6Vli8rG4.1GrSVoDXBz4-SS8F?startTime=1774386334000,"https://brooklinema.api.civicclerk.com/v1/Meetings/GetMeetingFileStream(fileId=30633,plainText=false)",,
14773,2026-03-24T17:30:00Z,26,Select Board,Select Board Regular Meeting,"Select Board Hearing Room 6th Floor, , Brookline Town Hall, and Zoom",https://brooklinema.portal.civicclerk.com/event/14773,https://brooklinema.zoomgov.com/rec/share/ujk1x9oYWVE9DuTmVJGsRGZ1qKd9JDXB0U44p-IBIVwEVmuQuab2CZOy1U-eVbqq.PllnGxMe30MuwhWB?startTime=1774390297000,"https://brooklinema.api.civicclerk.com/v1/Meetings/GetMeetingFileStream(fileId=30683,plainText=false)","https://brooklinema.api.civicclerk.com/v1/Meetings/GetMeetingFileStream(fileId=30697,plainText=false)",
16161,2026-03-24T18:00:00Z,28,Advisory Committee,Human Services Subcommittee Hearing on WA 21,,https://brooklinema.portal.civicclerk.com/event/16161,,"https://brooklinema.api.civicclerk.com/v1/Meetings/GetMeetingFileStream(fileId=30653,plainText=false)","https://brooklinema.api.civicclerk.com/v1/Meetings/GetMeetingFileStream(fileId=30668,plainText=false)",
16062,2026-03-24T19:00:00Z,28,Advisory Committee,Advisory Committee Meeting,,https://brooklinema.portal.civicclerk.com/event/16062,https://brooklinema.zoomgov.com/rec/share/BHCgVpdF4aPlaw5sXxZVVAtBydHQwhXISZjgZm8w4YLorQWxqtL2ODekNEah52hr.imWv9H0Vrpxh4MHw?startTime=1774393198000,"https://brooklinema.api.civicclerk.com/v1/Meetings/GetMeetingFileStream(fileId=30656,plainText=false)","https://brooklinema.api.civicclerk.com/v1/Meetings/GetMeetingFileStream(fileId=30691,plainText=false)",
14216,2026-03-25T16:00:00Z,87,School Committee,School Curriculum Subcommittee Meeting,"Town Hall, 5th Floor, and Remote via Zoom",https://brooklinema.portal.civicclerk.com/event/14216,https://brooklinema.zoomgov.com/rec/share/XOPnpHTKbSBnzx8ioOMZ4ijz2Y6x0NN7mejhwK5mDtq8aVB_n-S24KnWw-evIgff.jnfGewBy7KvauFEJ?startTime=1774468942000,"https://brooklinema.api.civicclerk.com/v1/Meetings/GetMeetingFileStream(fileId=30674,plainText=false)","https://brooklinema.api.civicclerk.com/v1/Meetings/GetMeetingFileStream(fileId=30675,plainText=false)",
16130,2026-03-25T17:00:00Z,28,Advisory Committee,Capital Subcommittee Hearing,Remote on Zoom,https://brooklinema.portal.civicclerk.com/event/16130,,"https://brooklinema.api.civicclerk.com/v1/Meetings/GetMeetingFileStream(fileId=30586,plainText=false)",,
14116,2026-03-26T18:00:00Z,87,School Committee,School Committee Meeting,"Brookline Town Hall, 5th Floor, and Remote via BIG Live Stream and Broadcast",https://brooklinema.portal.civicclerk.com/event/14116,,"https://brooklinema.api.civicclerk.com/v1/Meetings/GetMeetingFileStream(fileId=30678,plainText=false)","https://brooklinema.api.civicclerk.com/v1/Meetings/GetMeetingFileStream(fileId=30679,plainText=false)",
16063,2026-03-26T19:00:00Z,28,Advisory Committee,Advisory Committee Meeting,,https://brooklinema.portal.civicclerk.com/event/16063,,"https://brooklinema.api.civicclerk.com/v1/Meetings/GetMeetingFileStream(fileId=30657,plainText=false)",,
16131,2026-03-30T17:00:00Z,28,Advisory Committee,Capital Subcommittee Hearing,Remote on Zoom,https://brooklinema.portal.civicclerk.com/event/16131,,"https://brooklinema.api.civicclerk.com/v1/Meetings/GetMeetingFileStream(fileId=30587,plainText=false)",,
16173,2026-03-30T17:30:00Z,28,Advisory Committee,Public Safety Subcommittee Hearing on WA 10,,https://brooklinema.portal.civicclerk.com/event/16173,,"https://brooklinema.api.civicclerk.com/v1/Meetings/GetMeetingFileStream(fileId=30707,plainText=false)",,
16175,2026-03-30T18:00:00Z,28,Advisory Committee,Public Safety and CTO&S Joint Hearing on WA 11,Remote on Zoom,https://brooklinema.portal.civicclerk.com/event/16175,,"https://brooklinema.api.civicclerk.com/v1/Meetings/GetMeetingFileStream(fileId=30708,plainText=false)",,
16138,2026-03-30T19:00:00Z,28,Advisory Committee,Schools Subcommittee Hearing & Meeting,Remote on Zoom,https://brooklinema.portal.civicclerk.com/event/16138,,"https://brooklinema.api.civicclerk.com/v1/Meetings/GetMeetingFileStream(fileId=30669,plainText=false)",,
14774,2026-03-31T17:30:00Z,26,Select Board,Select Board Regular Meeting,"Select Board Hearing Room 6th Floor, , Brookline Town Hall, and Zoom",https://brooklinema.portal.civicclerk.com/event/14774,,,,
16132,2026-04-06T17:00:00Z,28,Advisory Committee,Capital Subcommittee Hearing - Continuation,Remote on Zoom,https://brooklinema.portal.civicclerk.com/event/16132,,"https://brooklinema.api.civicclerk.com/v1/Meetings/GetMeetingFileStream(fileId=30588,plainText=false)",,
16172,2026-04-06T17:30:00Z,28,Advisory Committee,Ad Hoc Subcommittee on Warrant Articles 17 and 25 Hearing,,https://brooklinema.portal.civicclerk.com/event/16172,,"https://brooklinema.api.civicclerk.com/v1/Meetings/GetMeetingFileStream(fileId=30695,plainText=false)",,
14828,2026-04-07T17:30:00Z,26,Select Board,Select Board Regular Meeting,"Select Board Hearing Room 6th Floor, , Brookline Town Hall, and Zoom",https://brooklinema.portal.civicclerk.com/event/14828,,,,
14152,2026-04-08T17:00:00Z,87,School Committee,School Finance and Capital Improvements Subcommittee Meeting,Remote via Zoom,https://brooklinema.portal.civicclerk.com/event/14152,,,,
16133,2026-04-08T17:00:00Z,28,Advisory Committee,Capital Subcommittee Hearing,Remote on Zoom,https://brooklinema.portal.civicclerk.com/event/16133,,"https://brooklinema.api.civicclerk.com/v1/Meetings/GetMeetingFileStream(fileId=30589,plainText=false)",,
16176,2026-04-09T16:00:00Z,87,School Committee,School Negotiations Subcommittee Meeting,"Brookline Town Hall, 5th Floor, School Committee Room",https://brooklinema.portal.civicclerk.com/event/16176,,,,
14232,2026-04-13T16:00:00Z,87,School Committee,School Government Relations Subcommittee Meeting,Remote via Zoom,https://brooklinema.portal.civicclerk.com/event/14232,,,,
14132,2026-04-14T17:00:00Z,87,School Committee,School Policy Subcommittee Meeting,Remote via Zoom,https://brooklinema.portal.civicclerk.com/event/14132,,,,
14829,2026-04-14T17:30:00Z,26,Select Board,Select Board Regular Meeting,"Select Board Hearing Room 6th Floor, , Brookline Town Hall, and Zoom",https://brooklinema.portal.civicclerk.com/event/14829,,,,
14153,2026-04-15T17:00:00Z,87,School Committee,School Finance and Capital Improvements Subcommittee Meeting,Remote via Zoom,https://brooklinema.portal.civicclerk.com/event/14153,,,,
16148,2026-04-15T19:00:00Z,28,Advisory Committee,Capital Subcommittee Hearing,Remote on Zoom,https://brooklinema.portal.civicclerk.com/event/16148,,"https://brooklinema.api.civicclerk.com/v1/Meetings/GetMeetingFileStream(fileId=30590,plainText=false)",,
14119,2026-04-16T18:00:00Z,87,School Committee,School Committee Meeting,"Brookline Town Hall, 5th Floor, and Remote via BIG Broadcast and Live Stream",https://brooklinema.portal.civicclerk.com/event/14119,,,,
16177,2026-04-27T16:00:00Z,87,School Committee,School Negotiations Subcommittee Meeting,"Town Hall, 5th Floor, School Committee Room",https://brooklinema.portal.civicclerk.com/event/16177,,,,
14831,2026-04-28T17:30:00Z,26,Select Board,Select Board Regular Meeting,"Select Board Hearing Room 6th Floor, , Brookline Town Hall, and Zoom",https://brooklinema.portal.civicclerk.com/event/14831,,,,
14217,2026-04-29T16:00:00Z,87,School Committee,School Curriculum Subcommittee Meeting,"Town Hall, 5th Floor, and Remote via Zoom",https://brooklinema.portal.civicclerk.com/event/14217,,,,
14120,2026-04-30T18:00:00Z,87,School Committee,School Committee Meeting,"Brookline Town Hall, 5th Floor, and Remote via BIG Live Stream and Broadcast",https://brooklinema.portal.civicclerk.com/event/14120,,,,
14225,2026-05-06T17:00:00Z,87,School Committee,"School Diversity, Equity, Inclusion & Justice Subcommittee Meeting",Remote via Zoom,https://brooklinema.portal.civicclerk.com/event/14225,,,,
14133,2026-05-12T17:00:00Z,87,School Committee,School Policy Subcommittee Meeting,Remote via Zoom,https://brooklinema.portal.civicclerk.com/event/14133,,,,
14602,2026-05-12T17:30:00Z,26,Select Board,Select Board Regular Meeting,"Select Board Hearing Room 6th Floor, , Brookline Town Hall, and Zoom",https://brooklinema.portal.civicclerk.com/event/14602,,,,
14154,2026-05-13T17:00:00Z,87,School Committee,School Finance and Capital Improvements Subcommittee Meeting,Remote via Zoom,https://brooklinema.portal.civicclerk.com/event/14154,,,,
14121,2026-05-14T18:00:00Z,87,School Committee,School Committee Meeting,"Brookline Town Hall, 5th Floor, and Remote via BIG Live Stream and Broadcast",https://brooklinema.portal.civicclerk.com/event/14121,,,,
14603,2026-05-19T17:30:00Z,26,Select Board,Select Board Regular Meeting,"Select Board Hearing Room 6th Floor, , Brookline Town Hall, and Zoom",https://brooklinema.portal.civicclerk.com/event/14603,,,,
14218,2026-05-20T16:00:00Z,87,School Committee,School Curriculum Subcommittee Meeting,"Town Hall, 5th Floor, and Remote via Zoom",https://brooklinema.portal.civicclerk.com/event/14218,,,,
14605,2026-06-02T17:30:00Z,26,Select Board,Select Board Regular Meeting,"Select Board Hearing Room 6th Floor, , Brookline Town Hall, and Zoom",https://brooklinema.portal.civicclerk.com/event/14605,,,,
14122,2026-06-04T18:00:00Z,87,School Committee,School Committee Meeting,"Brookline Town Hall, 5th Floor, and Remote via BIG Live Stream and Broadcast",https://brooklinema.portal.civicclerk.com/event/14122,,,,
14134,2026-06-09T17:00:00Z,87,School Committee,School Policy Subcommittee Meeting,Remote via Zoom,https://brooklinema.portal.civicclerk.com/event/14134,,,,
14226,2026-06-10T17:00:00Z,87,School Committee,"School Diversity, Equity, Inclusion & Justice Subcommittee Meeting",Remote via Zoom,https://brooklinema.portal.civicclerk.com/event/14226,,,,
14607,2026-06-16T09:30:00Z,26,Select Board,Select Board Work Session,"Ouimet Room, Brookline Golf Course, 1218 W Roxbury Parkway, Chestnut Hill, MA",https://brooklinema.portal.civicclerk.com/event/14607,,,,
14219,2026-06-17T16:00:00Z,87,School Committee,School Curriculum Subcommittee Meeting,"Town Hall, 5th Floor, and Remote via Zoom",https://brooklinema.portal.civicclerk.com/event/14219,,,,
14124,2026-06-18T18:00:00Z,87,School Committee,School Committee Meeting,"Brookline Town Hall, 5th Floor, and Remote via BIG Live Stream and Broadcast",https://brooklinema.portal.civicclerk.com/event/14124,,,,
14840,2026-06-30T17:30:00Z,26,Select Board,Select Board Regular Meeting,"Select Board Hearing Room 6th Floor, , Brookline Town Hall, and Zoom",https://brooklinema.portal.civicclerk.com/event/14840,,,,
14842,2026-07-14T17:30:00Z,26,Select Board,Select Board Regular Meeting,"Select Board Hearing Room 6th Floor, , Brookline Town Hall, and Zoom",https://brooklinema.portal.civicclerk.com/event/14842,,,,
14791,2026-07-28T17:30:00Z,26,Select Board,Select Board Regular Meeting,"Select Board Hearing Room 6th Floor, , Brookline Town Hall, and Zoom",https://brooklinema.portal.civicclerk.com/event/14791,,,,
14793,2026-08-11T17:30:00Z,26,Select Board,Select Board Regular Meeting,"Select Board Hearing Room 6th Floor, , Brookline Town Hall, and Zoom",https://brooklinema.portal.civicclerk.com/event/14793,,,,
14795,2026-08-25T17:30:00Z,26,Select Board,Select Board Regular Meeting,"Select Board Hearing Room 6th Floor, , Brookline Town Hall, and Zoom",https://brooklinema.portal.civicclerk.com/event/14795,,,,
14796,2026-09-01T17:30:00Z,26,Select Board,Select Board Regular Meeting,"Select Board Hearing Room 6th Floor, , Brookline Town Hall, and Zoom",https://brooklinema.portal.civicclerk.com/event/14796,,,,
14798,2026-09-15T09:30:00Z,26,Select Board,Select Board Work Session,"Ouimet Room, Brookline Golf Course, 1218 W Roxbury Parkway, Chestnut Hill, MA",https://brooklinema.portal.civicclerk.com/event/14798,,,,
14852,2026-09-22T17:30:00Z,26,Select Board,Select Board Regular Meeting,"Select Board Hearing Room 6th Floor, , Brookline Town Hall, and Zoom",https://brooklinema.portal.civicclerk.com/event/14852,,,,
14854,2026-10-06T17:30:00Z,26,Select Board,Select Board Regular Meeting,"Select Board Hearing Room 6th Floor, , Brookline Town Hall, and Zoom",https://brooklinema.portal.civicclerk.com/event/14854,,,,
14803,2026-10-20T17:30:00Z,26,Select Board,Select Board Regular Meeting,"Select Board Hearing Room 6th Floor, , Brookline Town Hall, and Zoom",https://brooklinema.portal.civicclerk.com/event/14803,,,,
14857,2026-10-27T17:30:00Z,26,Select Board,Select Board Regular Meeting,"Select Board Hearing Room 6th Floor, , Brookline Town Hall, and Zoom",https://brooklinema.portal.civicclerk.com/event/14857,,,,
14628,2026-11-10T17:30:00Z,26,Select Board,Select Board Regular Meeting,"Select Board Hearing Room 6th Floor, , Brookline Town Hall, and Zoom",https://brooklinema.portal.civicclerk.com/event/14628,,,,
14629,2026-11-17T17:30:00Z,26,Select Board,Select Board Regular Meeting,"Select Board Hearing Room 6th Floor, , Brookline Town Hall, and Zoom",https://brooklinema.portal.civicclerk.com/event/14629,,,,
14631,2026-12-01T17:30:00Z,26,Select Board,Select Board Regular Meeting,"Select Board Hearing Room 6th Floor, , Brookline Town Hall, and Zoom",https://brooklinema.portal.civicclerk.com/event/14631,,,,
14633,2026-12-15T09:30:00Z,26,Select Board,Select Board Work Session,"Ouimet Room, Brookline Golf Course, 1218 W Roxbury Parkway, Chestnut Hill, MA",https://brooklinema.portal.civicclerk.com/event/14633,,,,
14865,2026-12-22T17:30:00Z,26,Select Board,Select Board Regular Meeting,"Select Board Hearing Room 6th Floor, , Brookline Town Hall, and Zoom",https://brooklinema.portal.civicclerk.com/event/14865,,,,
14867,2027-01-05T17:30:00Z,26,Select Board,Select Board Regular Meeting,"Select Board Hearing Room 6th Floor, , Brookline Town Hall, and Zoom",https://brooklinema.portal.civicclerk.com/event/14867,,,,
14868,2027-01-12T17:30:00Z,26,Select Board,Select Board Regular Meeting,"Select Board Hearing Room 6th Floor, , Brookline Town Hall, and Zoom",https://brooklinema.portal.civicclerk.com/event/14868,,,,
14869,2027-01-19T17:30:00Z,26,Select Board,Select Board Regular Meeting,"Select Board Hearing Room 6th Floor, , Brookline Town Hall, and Zoom",https://brooklinema.portal.civicclerk.com/event/14869,,,,
14817,2027-01-26T17:30:00Z,26,Select Board,Select Board Regular Meeting,"Select Board Hearing Room 6th Floor, , Brookline Town Hall, and Zoom",https://brooklinema.portal.civicclerk.com/event/14817,,,,
